ad_id,list_id,subject,price,price_string,size,area_name,ward_name,location,body,date
176038242,132350401,Cho thuê Phòng Gần Phú Mỹ An - FPT,3500000,"3,5 triệu/tháng",15,Quận Ngũ Hành Sơn,Phường Hoà Hải,"15.9852958,108.2602172","Dự án: 
Thông tin chi tiết: 🔥 PHÒNG TRỌ MỚI TOANH – FULL NỘI THẤT – DỌN VÀO Ở NGAY 🔥

❤️Diện tích phòng rộng: 15-17m2❤️

💥📍 Vị trí thuận lợi: 
💕 VÙNG TRUNG 9💕 - Phú Mỹ An 
👉 Ngay sau lưng FPT Plaza
👉 Gần ĐH FPT, Việt Hàn, Y Dược 🎓
👉 Gần chợ, siêu thị, tiện đi lại 🛒
👉 Cách biển Tân Trà ~800m 🌊
👉 Gần sông Cổ Cò – không khí mát mẻ🌿

💥💥🏠 Ưu điểm nổi bật:
💪 Phòng mới, có gác lững, ban công thoáng.!
💪 Nhà xe SIÊU rộng rãi 🛵, không chung chủ.
💪 Có sân thượng chill, 50m2, học hành, giải trí cực kì thoáng mát. 
💪 Ít phòng, yên tĩnh, như ở nhà mình..!
💪 Phòng thoáng rộng: diện tích 15m2 - 17m2. 
🛋️ Full nội thất, mới 100% , Camera an ninh, khoá vân tay...
🧺 Máy giặt 🧊 Tủ lạnh ❄️ Điều hòa
🚿 Nóng lạnh 🍳 Bếp từ, Nệm + khu bếp đầy đủ chỉ việc xách đồ vào ở

💥💥💥 💰 Giá thuê: 
👉 Phòng tầng 2&3: 3,5tr - 3,8tr/tháng
👉 Phòng mặt tiền tầng 1: 2 Phòng ngủ, – kinh doanh được: 6tr/tháng
Cọc 1, thanh toán 1.
💥💥💥💥 Chi phí rõ ràng và các hậu mãi
⚡ Điện: 3.5k/số
💧 Nước, wifi , điện sinh hoạt chung + rác: 65k/người
🔐 An ninh đảm bảo:
📹 Camera 24/7 – khu trọ an toàn, yên tĩnh
💼 Phù hợp sinh viên & người đi làm lâu dài

💥💥Đặc biệt khách đăng ky vào ở trước 20/5: Tặng 500k !!!💥💥

📞 Liên hệ ngay để được hỗ trợ:
👉 Call/Zalo: *** (Đức)",10 phút trước
176092468,132397152,Khai trương phòng trọ cao cấp - đường Tô Hiệu,4500000,"4,5 triệu/tháng",22,Quận Liên Chiểu,Phường Hòa Minh,"16.0630512,108.1658379","Khai trương phòng trọ cao cấp - Tô Hiệu
Gần DH Duy Tân cơ sở HKN
full nội thất chỉ dọn vali vào ở
giá 4tr2 - 4tr5 tùy phòng
Liên hệ ngay",27 phút trước
176083727,132389921,"Phòng trọ 20m2,ở mặt tiền Nguyễn Phước Nguyên, phường An Khê, Đà Nẵng
",3000000,3 triệu/tháng,20,Quận Thanh Khê,Phường An Khê,"16.0487665,108.1858582","Phòng trọ ở mặt tiền đường Nguyễn Phước Nguyên. Nhà vừa mới xây xong. Phòng có máy điều hòa và máy nước nóng. Có bếp và toilet riêng, có sân phơi và chỗ để xe riêng. Sử dụng nước thủy cục, điện riêng. Có gác lửng. Không ở chung với chủ. Giờ giấc đi về tự do. Gần chợ và các trường Mẫu giáo, Trung học cơ sở",38 phút trước
175050286,131505695,CĂN HỘ MINI CAO CẤP – KHÔNG GIAN SỐNG THOẢI MÁI,4500000,"4,5 triệu/tháng",25,Quận Cẩm Lệ,Phường Hòa Phát,"16.0197515,108.1965295","Dự án: 
Thông tin chi tiết: 🏠 **CĂN HỘ MINI CAO CẤP – KHÔNG GIAN SỐNG THOẢI MÁI**

📍 44 Hoàng Đạo Thuý

✨ Căn hộ mini mới 100%, thiết kế hiện đại, không gian thoáng đãng, phù hợp cho người đi làm hoặc sinh viên cần nơi ở yên tĩnh, tiện nghi.

✨Đầy đủ trang thiết bị, chỉ xách vali vào ở!

💰 Giá thuê: từ 4.5 triệu/phòng

💡 Chi phí:

* Điện: 4.000đ/kWh
* Nước: 50.000đ/người
* Wifi: 50.000đ/phòng
* Giặt sấy: 100.000đ/phòng (dùng chung)

🎁 Ưu đãi:

* Thanh toán 3 tháng + cọc 1 tháng → giảm 300.000đ/phòng

📞 Liên hệ: ***
📩 Inbox để đặt lịch xem phòng",1 giờ trước
176090522,132395447,Cho Thuê phòng tầng lửng,3200000,"3,2 triệu/tháng",20,Quận Ngũ Hành Sơn,Phường Hoà Hải,"16.0121527,108.2576523","Dự án: 
Thông tin chi tiết: Phòng còn mới, toilet phòng tắm riêng. Gần bãi biển Sơn Thuỷ cách 200m. Khu an ninh tốt, yên tĩnh sạch sẽ.",1 giờ trước
176090454,132395424,KHAI TRƯƠNG CĂN HỘ GẦN NGAY ĐH SƯ PHẠM,4500000,"4,5 triệu/tháng",30,Quận Liên Chiểu,Phường Hòa Khánh Nam,"16.0534112,108.1487964","KHAI TRƯƠNG CĂN HỘ GẦN NGAY ĐH SƯ PHẠM
Vị trí: đường Tô Hiệu
- Nội thất gồm :tủ lạnh, điều hoà, nóng lạnh, bàn ghế, kệ bếp , máy giặt chung
- Có thang máy
- Nhà xe
-Thanh toán linh hoạt 
- Giá 4tr5
",1 giờ trước
175921617,132249896,Cho thuê Phòng,3500000,"3,5 triệu/tháng",17,Quận Ngũ Hành Sơn,Phường Hoà Hải,"15.9852958,108.2602172","Dự án: 
Thông tin chi tiết: 🔥 PHÒNG MỚI XÂY 

💥📍 Vị trí thuận lợi:
Đường Vũng Trung, Sau lưng FPT Plaza
✨ Phòng mới, sạch đẹp, ban công thoáng ,
Có gác lững. Nhà xe siêu rộng rãi 🛵🛵
🛋️ Full nội thất , diện tích 15m2 - 17m2.

💥💰 Giá thuê: 
👉 từ 3,5 - 3,8 triệu/tháng tuỳ phòng. 
⚡ Điện: 3.5k/số
💧 Nước + rác, điện chung, nét: 65k/ng

📞  Call/Zalo: ***",2 giờ trước
176044832,132356355,cho thuê căn hộ Full nội thất,5500000,"5,5 triệu/tháng",45,Quận Sơn Trà,Phường Nại Hiên Đông,"16.1001118,108.2288552","cho thuê căn hộ cao cấp full nội thất tại 111 đường Chu Huy Mân .vị trí siêu đẹp ,phòng rộng ,có ban công ,gần biển ,gần siêu thị ,gần chợ hải sản , trường học , phòng thoáng mát . nhận nhà ngay hôm nay .",3 giờ trước
176068044,132376158,Cho thuê nhà 35m2 góc đường Tân Thái 1 và 2,5000000,5 triệu/tháng,35,Quận Sơn Trà,Phường Mân Thái,"16.0872462,108.2466488","Phòng đẹp mặt phố Tân Thái 2 diện tích 35m2 khép kín có ĐH, NL phù hợp làm vp, cửa hàng nhỏ hoặc ở không quá 2 người. Nhà gần biển thoáng mát, yên tĩnh, sạch sẽ, dân trí cao. Điện nước tính theo đồng hồ.  LH Trang ***",4 giờ trước
176087282,132392507,phòng trọ Lê Độ,1500000,"1,5 triệu/tháng",15,Quận Thanh Khê,Phường Chính Gián,"16.0660161,108.2021971","Dự án: 
Thông tin chi tiết: phòng nhỏ, nvs chung, thích hợp 1 người ở 
ngay trung tâm thành phố, đầy đủ tiện ích xung quanh",10 giờ trước
175265791,131687209,TRỌ 1 NỮ /Phòng. Không ở ghép tại K66 Ông Ích Khiêm,3000000,3 triệu/tháng,10,Quận Hải Châu,Phường Thanh Bình,"16.0755982,108.2132072","Dự án: 
Thông tin chi tiết: Phòng chỉ cho thuê 1 nữ, không ở ghép, bếp dùng chung, 2 nvs ( có người dọn dẹp khu vực chung 2 tuần / lần), máy giặt chung 
Có tổng 3 phòng, hiện còn 2 phòng trống.",13 giờ trước
175620859,131992717,phòng trọ Ngã Ba Huế,2100000,"2,1 triệu/tháng",18,Quận Thanh Khê,Phường An Khê,"16.0494196,108.1854536","Dự án: 
Thông tin chi tiết: Phòng ở 1 người. Phòng sạch sẽ, thoáng mát. Có chỗ để xe, camera an ninh. Wifi miễn phí. Giờ giấc tự do thoải mái. Không chung chủ",14 giờ trước
175758152,132110101,Có phòng trọ cho thuê dọn vào ở ngay 15/5 sát sông hàn,3000000,3 triệu/tháng,25,Quận Sơn Trà,Phường Nại Hiên Đông,"16.09303,108.22769","Còn phòng trọ cho thuê,phòng mới sạch sẽ thoáng mát view đẹp, điều hoà mớ inverter, tắm nóng lạnh, free wifi dọn vệ sinh, giờ tự do, điện 3,5k, nước 6,5k/ số, lh zalo ***",17 giờ trước
175371342,131779125,"CHO THUÊ PHÒNG MỚI XÂY KHU VỰC NGŨ HÀNH SƠN GẦN  LÀNG ĐH FPT, GIÁ 2TR",2000000,2 triệu/tháng,25,Quận Ngũ Hành Sơn,Phường Hoà Hải,"15.986558,108.2674092","CHO THUÊ PHÒNG MỚI XÂY KHU VỰC NGŨ HÀNH SƠN, GIÁ 2TR - 2TR5

- Vị trí: Đường Huỳnh Văn Nghệ, Phường Hòa Hải, Ngũ Hành Sơn, Đà Nẵng.

+) Gần các trường học như FPT Software Academy, Đại học Mỹ tại Việt Nam  (AUV) , Việt - Hàn, Y Dược.., Trường mầm non Thế giới toàn cầu.
+) Khu vực yên tĩnh, không khí trong lành

- Tiện Ích xung quanh:
+) Gần chợ, các siêu thị tiện ích xung quanh
+) Gần các trung tâm đào tạo và trường học.
+) Dễ dàng di chuyển đến các khu vực lân cận và các tiện ích khác",19 giờ trước
176076574,132384212,Cho thuê trọ 40m2 giá 2tr/tháng,2000000,2 triệu/tháng,40,Quận Ngũ Hành Sơn,Phường Khuê Mỹ,"16.0152713,108.2555307","O͟9͟4͟8͟.O͟1͟.3͟O͟O͟O͟Cần cho thuê trọ đường Sơn Thủy Đông 1
Trọ 40m2 phía sau có vườn rau rộng
Có gác lửng
Phù hợp ở gia đình
Giá 2tr/tháng
Cọc 1 thanh toán 6
Điện nước theo giá nhà nước
Lối đi riêng biệt, xe để trong nhà vô tư
Xem nhà",19 giờ trước
176074534,132381628,"Cho thuê phòng ở, tầng 2, mặt tiền Hoàng Hoa thám, T.khê, Đà nẵng",4000000,4 triệu/tháng,25,Quận Thanh Khê,Phường Tân Chính,"16.0699425,108.2103213","Cho thuê phòng ở (23-25) m2, tầng 2, nhà mặt tiền Hoàng Hoa Thám; với Nam, độc thân, là CBNV, sinh viên...  Tối đa 02 người. Nội thất trống. 4 tr.đ/ tháng; Cọc (01-02) tháng, theo thời gian thuê; Thanh toán 03 tháng. LH: ĐT/ Zalo: ***.",21 giờ trước
172979262,129718363,"Phòng trọ cao cấp, Thang Máy K78/2B Lê Thanh Nghị",3400000,"3,4 triệu/tháng",28,Quận Hải Châu,Phường Hòa Cường Bắc,"16.0445693,108.2172955","Cơ sở 1: K72/12 Lê Cơ
Cơ sở 2: K78/2B Lê Thanh Nghị
Cơ sở 3: K146/11 Ỷ Lan Nguyên Phi
Ba cơ sở cách nhau 400m. 
Vị trí trung tâm thành phố gần Chợ Đầu Mối, Chợ Hòa Cường, Chợ Nguyễn Tri Phương, gần trường ĐH Đông Á, ĐH Kiến Trúc, ĐH Ngoại Ngữ, ĐH Duy Tân , CĐ Bách Khoa,CĐ Phương Đông v..v.. 
Đường kiệt ô tô vô đến cổng nhà
++++++++Phòng được trang bị
# Điều Hòa
# Máy tắm nước nóng
# THANG MÁY (cs2 và cs3)
# BÃI ĐỂ XE rộng rãi + Camera an ninh + ra vào vân tay  24/7
# Toilet và sân phơi cá nhân khép kín trong phòng.
# Đồng hồ điện và nước riêng biệt
# Hệ thống PCCC đảm bảo theo quy định.
++++++ Tiện ích đặc biệt
# Wifi 6 siêu mạnh 
# Hỗ trợ giặt free và giặt + sấy 7k/kg đối với nội bộ
# Trang bị nguồn điện dự phòng trong trường hợp mất điện",21 giờ trước
175848635,132187325,cho thuê phòng,4500000,"4,5 triệu/tháng",25,Quận Thanh Khê,Phường Vĩnh Trung,"16.0600634,108.2135488","Dự án: 
Thông tin chi tiết: Cho thuê phòng cao cập nội thất, gần cho bigC, bệnh viện, trươgf đaik hịc cũng, nô ở yên tĩnh , an ninh toits
phòng 3,500,000  cũng có .",23 giờ trước
176025067,132339053,"Cho thuê phòng trọ tại 183/19 Tô Hiệu, Hòa Minh, Đà Nẵng",1200000,"1,2 triệu/tháng",20,Quận Liên Chiểu,Phường Hòa Minh,"16.0657336,108.1695504","Cho thuê phòng trọ tại 183/19 Tô Hiệu Đà Nẵng, thích hợp ở 1 người, khu vực yên tĩnh, an ninh dân trí cao, điện nước tính theo giá nhà nước nên rất phải chăng.",hôm qua
176060634,132369665,TÌM BẠN NỮ Ở GHÉP TRỌ GẦN FPT,3000000,3 triệu/tháng,25,Quận Ngũ Hành Sơn,Phường Hoà Hải,"15.9756771,108.2546369","Dự án: 
Thông tin chi tiết: Mình là nữ, cần tìm 1 bạn ở ghép vào đầu tháng 6.
- Phòng 3tr chia 2 
- Gần FPT, đh Việt Hàn, trường Việt Mỹ
- Đầy đủ nội thất: máy lạnh, tủ lạnh, máy giặt,…
Ưu tiên các bạn đã đi làm, gọn gàng và sạch sẽ nhé.
Liên hệ zalo: ***",hôm qua
164730514,122592431,Căn hộ dịch vụ mini apartment Hòa Xuân Cẩm Lệ,3000000,3 triệu/tháng,25,Quận Cẩm Lệ,Phường Hòa Xuân,"16.0083783,108.2183847","Trực tiếp đến ***
- Giá 3.000.000 phòng 1 người, 3.500.000 phòng 2 người.
- Căn hộ dịch vụ mini đầy đủ tiện nghi (giường, tủ quần áo, điều hòa, hệ thống nóng lạnh mặt trời, nhà giữ xe, camera, khu giặt đồ và phơi đồ,... ).
- Thanh toán linh động theo từng tháng.
- Gần các tiện ích như Vinmart, chợ, công viên,...
- Khu vực dân trí và an ninh cao, giờ giấc tự do.
- ***",hôm qua
176052325,132362573,cần tìm bạn nữ thuê phòng ngay trung tâm thành phố đường Hoàng Diệu,2750000,"2,75 triệu/tháng",20,Quận Hải Châu,Phường Hải Châu  I,"16.0710885,108.2214415","Dự án: 
Thông tin chi tiết: có sẵn máy lạnh trong phòng, có tủ lạnh, máy giặt và bếp, đầy đủ tiện nghi
không chung chủ, giờ giấc tự do, khi vực an ninh, gần chợ và các trường đại học
Giá thuê: 2tr750 có thể hỗ trợ giá 2tr500 nếu ở 1 người
Tiền điện + nước giá dân, rẻ (chia đầu người, trung bình 100k-130k/ng)
Tiền wifi: 190k/ tháng (chia số người ở)
Tiền rác: 25k/ tháng (chia số người ở)",hôm qua
176005836,132322566,căn hộ mini vừa túi tiền đường Tạ Hiện 25m2 gần chợ Hoà Cường,3800000,"3,8 triệu/tháng",25,Quận Hải Châu,Phường Hòa Cường Bắc,"16.0422387,108.2182683","Dự án: 
Thông tin chi tiết: Căn hộ mini vừa túi tiền rộng 25m2 đường Tạ Hiện gần chợ Hoà Cường, gần đường Lê Thanh Nghị, 30/4 và gần các trường học, sân bay, siêu thị , bệnh viện
Điện có đồng hồ riêng 3500₫/kwh
Nước 50k/ người
Wifi miễn phí, ko phụ thu
Giờ giấc tự do
Liên hệ trực tiếp chủ nhà theo số đt người đăng hoặc lh số đt ***
Ko tiếp trung gian, hình ảnh đúng thực tế 100%",hôm qua
176043212,132358155,Nhà trọ cổng riêng biệt ngay cầu vượt,2500000,"2,5 triệu/tháng",25,Quận Liên Chiểu,Phường Hòa Minh,"16.0661866,108.169521","Phòng trọ còn trống mới sơn sửa, chống thấm bài bản

- Vị trí: Kiệt đường Bàu Năng 11; ngay cầu vượt Ngã 3 Huế
- Cổng riêng biệt, giờ giấc tự do
- Điện, nước theo nhà dùng

LH xem phòng theo SDT trên tin đăng
cảm ơn!",hôm qua
174087652,130683785,Phòng trọ 3 sao mới xây tiện nghi Nguyễn Duy Trinh,2500000,"2,5 triệu/tháng",20,Quận Ngũ Hành Sơn,Phường Hoà Hải,"15.986558,108.2674092","Cho thuê phòng trọ lầu đúc 4 tầng mới xây giá từ 2tr- 3tr/tháng (thay đổi tùy vào vị trí của phòng như mặt tiền, mặt sau, lầu 1, lầu 4,…nhưng chất lượng phòng vẫn không đổi). Có đầy đủ giường, quạt, điều hòa,máy giặt (100.000/tháng), WC riêng trong phòng sạch sẽ kín đáo như khách sạn, có chỗ nấu ăn,bếp,  bồn rửa chén, máy nước nóng, sân thượng phơi đồ thoáng mát,... wifi cáp miễn phí, có chỗ để xe trong nhà an toàn, có camera an ninh. Phòng được thiết kế thoáng mát, yên tĩnh, sạch sẽ, lối đi riêng không chung chủ, được tự do nấu ăn. Vị trí thuận lợi, yên tĩnh, gần trung tâm đà nẵng, gần chợ Non nước, gần biển, gần khu du lịch núi Ngũ Hành Sơn, các trường đại học lớn, khu FPT, resort 5 sao. Giờ giấc tự do. 
Bạn nào cần một chốn bình yên để đi về nghỉ ngơi sau những giờ làm việc, học tập mệt mỏi, xin liên hệ chủ nhà qua sđt: *** (chính chủ) 
Hiện còn:
• 3 phòng 2tr2: nằm ở tầng 2,3,4 ( có điều hòa )
• 1 phòng 3tr5: nằm ở tầng trệt, rộng 24m2 (có điều hòa, tủ lạnh )
 
Địa chỉ 96 Nguyễn Duy Trinh ( rẽ vào đường Hỏa Sơn 2 khoảng 30m), quận Ngũ Hành Sơn, Đà Nẵng 
Xin cảm ơn các bạn đã quan tâm. Thân ái!",2 ngày trước
176042916,132354661,cho thuê phòng trọ,2000000,2 triệu/tháng,20,Quận Cẩm Lệ,Phường Hòa An,"16.0436046,108.1698553","Dự án: 
Thông tin chi tiết: Cho thuê p trọ cách đại học duy tân 800 m khu phước lý",2 ngày trước
175673600,132037686,"Cho thuê phòng  trọ tầng trệt rông 45m2 -1pk, 1 pn 🌷Nội thất cơ bản",5000000,5 triệu/tháng,45,Quận Sơn Trà,Phường Thọ Quang,"16.1012727,108.254965","❤️❤️❤️CHO Thuê Phòng điều hoà.
 tầng trệt :gồm: 1PN, 1 pk,1wc,bếp….• Diện tích SD:45m2(5x9m)
💰giá 5 trphòng.
➡️phù hợp với  khách lưu trú ,đi công tác…..
➡️Điện nước theo đầu người-g☎️Phone: ***• nhà gần biển,núi Sơn Trà ,chùa linh ứng• Đầy đủ nội thất, trang thiết bị hiện đại• khu yên tĩnh, thoáng mát, sang trọng Giờ giấc tự do,(ko nhận khách Nn-cám ơn)….. địa chỉ đường thành vinh 3-Sơn Trà.Lh :",2 ngày trước
176037567,132349902,phòng full nội thất,5000000,5 triệu/tháng,35,Quận Thanh Khê,Phường Thạc Gián,"16.0630138,108.2087526","Dự án: 
Thông tin chi tiết: 🌟 CÒN *** 1 PHÒNG TẦNG 2 – DỌN VÀO ĐẦU THÁNG 6 🌟

📍 Khu vực Phan Thanh – vị trí cực tiện:

* Gần trường học, bệnh viện
* Cách siêu thị Aone, Go Mart chỉ vài phút
* Khu dân cư yên tĩnh, an ninh, phù hợp ở lâu dài

🏡 Phòng full nội thất, sạch sẽ, chỉ xách vali vào ở:
✔️ Giường, tủ, máy lạnh, nóng lạnh đầy đủ
✔️ Không gian thoáng, có cửa sổ đón ánh sáng tự nhiên
✔️ Khu vực riêng tư, yên tĩnh – nghỉ ngơi cực chill sau ngày dài

💡 Ưu điểm nổi bật:

* Ít phòng nên rất riêng tư, không ồn ào
* Hàng xóm văn minh, dễ chịu
* Phù hợp sinh viên, người đi làm, ở 1–2 người

🔥 Chỉ còn đúng 1 phòng – ai nhanh thì còn!
👉 Đầu tháng 6 dọn vào ngay

📞 Liên hệ giữ phòng: ***

💬 Tip nhỏ: Khu này phòng đẹp thường hết rất nhanh, nếu bạn đang tìm chỗ ở ổn định, tiện đi lại thì nên chốt sớm để giữ được phòng ưng ý nha!",3 ngày trước
176032649,132345578,"Cho thuê phòng ở 25m2, tầng 2, mặt tiền Hoàng Hoa Thám, Đà Nẵng.",4000000,4 triệu/tháng,25,Quận Thanh Khê,Phường Tân Chính,"16.0688703,108.2098566","Cho thuê phòng ở (23-25) m2, tầng 2, nhà mặt tiền Hoàng Hoa Thám; với Nam, độc thân, là CBNV, sinh viên...  Tối đa 02 người. Nội thất trống. 4 tr.đ/ tháng; Cọc (01-02) tháng, theo thời gian thuê; Thanh toán 03 tháng. LH: ĐT/ Zalo: ***.",3 ngày trước
175991200,132310109,Cho thuê căn hộ đường Đỗ Quang,5800000,"5,8 triệu/tháng",25,Quận Thanh Khê,Phường Vĩnh Trung,"16.0630096,108.2131865","Cho thuê căn hộ đầy đủ nội thất, đường Đỗ Quang, gần đại học Duy Tân, Sân Bay. Trung tâm Hải Châu, Thanh Khê. Liên hệ ***.",3 ngày trước
176023080,132337355,cho thuê phòng căn hộ nội thất đầy đủ,4200000,"4,2 triệu/tháng",30,Quận Cẩm Lệ,Phường Hòa An,"16.049198,108.1738597","Dự án: 
Thông tin chi tiết: Phòng ngay cổng phụ bến xe trung tâm.   ko chung chủ . 



Phòng căn hộ hai mặt thoáng dưới đất . Ngay cổng phụ bến xe trung tâm. Mặt tiền đường Lê Thạch. 
 Cho thuê đầu tháng 6 này. 
Thích họp ae tài xế . Sinh viên ở đc 3 đến 4 người",3 ngày trước
176021263,132335790,Phòng trọ cao cấp gần sân VĐ Hòa Xuân.,3500000,"3,5 triệu/tháng",20,Quận Cẩm Lệ,Phường Hòa Xuân,"16.0001284,108.2201821","Nội thất đẹp, đủ công năng, nhà vệ sinh, bếp, gác lững. có điều hòa, máy nước nóng, quạt treo tường.",3 ngày trước
174530773,131064296,"Trần Tấn, Liên Chiểu - Chỉ còn 1 phòng cho thuê mới xây, đẹp",3300000,"3,3 triệu/tháng",35,Quận Liên Chiểu,Phường Hòa Hiệp Nam,"16.1010422,108.1341215","Chính chủ cho thuê phòng trọ mới xây (chỉ còn 01 phòng), không chung chủ, tại Trần Tấn, quận Liên Chiểu, Đà Nẵng.
Khu vực thuận tiện di chuyển đến ĐH Bách Khoa, ĐH Sư Phạm, CĐ Kinh Tế.

Thông tin phòng:
- Diện tích: 35m²
- Có gác rộng, đẹp

- Phòng mới, sạch đẹp, thoáng mát
- Có cửa sổ, ánh sáng tự nhiên

Trang bị:
- Điều hòa
- Nước nóng lạnh
- Kệ chén
- Máy giặt chung
- Wifi mạnh

Tiện ích:
- Khu để xe rộng rãi
- Khu dân cư an ninh
- Phù hợp sinh viên hoặc gia đình nhỏ (tối đa 3 người lớn)

Chi phí:
- Giá thuê: 3.300.000đ/tháng
- Điện: 3.800đ/kWh
- Nước: 50.000đ/người
- Hợp đồng thuê 1 năm trở lên

📞 Liên hệ zalo chính chủ để xem phòng.",3 ngày trước
176014005,132329341,"Khu an ninh, thuận tiện di chuyển  gần biển, ga tàu",4390000,"4,39 triệu/tháng",20,Quận Thanh Khê,Phường Xuân Hà,"16.0711989,108.1942499","Dự án: 
Thông tin chi tiết: Full nội thất 
Đầu tháng 6 trống 
LH *** Kieu Tien để liên hệ xem phòng kẻo lỡ",3 ngày trước
176009252,132325827,Phòng trọ sau lưng bệnh viện 600 giường,2000000,2 triệu/tháng,20,Quận Ngũ Hành Sơn,Phường Khuê Mỹ,"16.0302205,108.2525802","Phòng trọ ngay sau lưng bệnh viện viện 600 giường, mặt tiền đường nhựa. Khu vực an ninh cao, có khu vực để xe riêng, camera an ninh.",4 ngày trước
176008822,132325065,Cho thuê chung cư mini tại Hoà Khánh gần cầu Ngã Ba Huế,4500000,"4,5 triệu/tháng",35,Quận Liên Chiểu,Phường Hòa Minh,"16.0630512,108.1658379","Dự án: 
Thông tin chi tiết: Cho thuê chung cư mini tại Hoà Minh gần cầu Ngã Ba Huế
Vị trí: đường Tô Hiệu

- Đầy đủ nội thất tủ lạnh điều hoà nóng lạnh bàn ghế

- Có thang máy

- Nhà xe
-Thanh toán linh hoạt 

- Giá thuê từ 4-4.7 triệu/ tháng 

Liên hệ *** để em được tư vấn thêm",4 ngày trước
176007111,132323689,Cho thuê phòng trọ,1500000,"1,5 triệu/tháng",13,Quận Liên Chiểu,Phường Hòa Minh,"16.0657336,108.1695504","Dự án: 
Thông tin chi tiết: 🏠Nhà gần trường ĐH, gần chợ
👍Không chung chủ, giờ giấc tự do
Ps: chỉ cho sv thuê",4 ngày trước
175985770,132305459,Căn hộ cho thuê mt lê duẩn TT Đà Nẵng,2700000,"2,7 triệu/tháng",30,Quận Hải Châu,Phường Hải Châu  I,"16.0710885,108.2214415","Tôi còn 1 phòng cho thuê ở lâu dài, chỉ cho một người thuê ưu tiên nữ, nvvp hoac sv, nhà mặt tiền lê duẩn dt 30 m2 đầy đủ tiện nghi gồm máy lạnh, giường, 1 tủ 3 cánh, 1 tủ 4 ngăn đựng đồ, tủ lạnh, quạt... giá thuê 2.7 triệu phòng, vui lòng liên hệ sdt trong chợ tốt.. cám ơn",4 ngày trước
175985935,132305524,"Cho thuê phòng nguyên tầng, ngủ bếp tách biệt",5500000,"5,5 triệu/tháng",40,Quận Hải Châu,Phường Hải Châu  I,"16.0710885,108.2214415","Dự án: 
Thông tin chi tiết: Cho thuê phòng nguyên tầng, ngủ bếp tách biệt
***",4 ngày trước
172556591,129354389,cho thuê phòng trọ,2300000,"2,3 triệu/tháng",16,Quận Hải Châu,Phường Thuận Phước,"16.0887725,108.2170944","Gân trường Duy Tân cơ sở Quang Trung,gần Trường Sư phạm kỹ Thuật,gần chợ Đống Đa,gần trung tâm hành chính,ko chung chủ,giờ giấc tự do
 Ko nhận người nước ngoài và xe điện",4 ngày trước
175544628,131927394,Phòng trọ khu vực  trung tâm thành phố,3000000,3 triệu/tháng,20,Quận Hải Châu,Phường Bình Thuận,"16.0562861,108.217152","Phòng trọ khu vực  trung tâm thành phố 442/35/2 Hoàng Diệu.
Có bếp riêng, WC riêng. Có ban công riêng
Chổ ở rộng rãi sạch sẽ . Vị trí cao không ngập nước
Có điều hoà, quạt  và bình nóng lạnh. Wifi miễn phí
Chổ để xe rộng rãi, Rác miễn phí
Giờ giấc tự do, có lối đi riêng ko ãnh hưỡng đến chủ
Khu vực an ninh",4 ngày trước
175992056,132310699,PHÒNG GÁC LỬNG CHO THUÊ NGAY NGÃ BA HUẾ,3900000,"3,9 triệu/tháng",20,Quận Cẩm Lệ,Phường Hòa An,"16.0482589,108.1754804","Phòng duplex giá rẻ cho thuê ngay ngã ba Huế
đường Nguyễn Như Hạnh
Đầy đủ nội thất , máy giặt riêng
giá 3tr9",4 ngày trước
175991906,132310582,PHÒNG TRỌ GIÁ RẺ CHO THUÊ NGAY TRUNG TÂM THÀNH PHỐ,4000000,4 triệu/tháng,20,Quận Thanh Khê,Phường Xuân Hà,"16.0705977,108.1947536","Căn hộ cho thuê ngay trung tâm
đường Đinh Tiên Hoàng
Ở được tối đa 3 bạn
Nội thất cơ bản, máy giặt chung",4 ngày trước
175062696,131516094,"Cho thuê căn hộ mới xây 100%, chưa bóc tem",4300000,"4,3 triệu/tháng",20,Quận Cẩm Lệ,Phường Hòa Xuân,"16.0049892,108.2235257","Cho thuê căn hộ mới xây 100%, chưa bóc tem, 22 Quách Thị Trang, Hòa xuân, gần ngay Võ Chí Công và đường 29/3, thuận tiện đi lại, rất an ninh và yên tĩnh,gần chợ và trường học . Các căn hộ studio đều full nội thất cao cấp, chưa qua sử dụng gồm: Điều hòa, máy giặt, bếp từ, máy nóng lạnh, bàn ghế, bếp và toilet riêng. Các căn hộ studio  đều có wifi riêng cực mạnh, có camera giám sát an ninh 24/7 và có gác  lửng xây đúc kiên cố, rộng cao và thoáng mát. Căn hộ chỉ còn lại 01 phòng giá 4,3 triệu/tháng. Ai có nhu cầu thì nên liên hệ buổi tối từ  19 giờ đến 22 giờ điện thoại hoặc zalo số ***.",4 ngày trước
175986409,132305886,cho thuê phòng trọ khu vực Khuê Mỹ,4500000,"4,5 triệu/tháng",30,Quận Ngũ Hành Sơn,Phường Khuê Mỹ,"16.0325571,108.2529084","Dự án: 
Thông tin chi tiết: Cho thuê phòng trọ kv Khuê Mỹ. Đầy đủ nội thất. Có thể ở 4 người",5 ngày trước
175986143,132305665,"Trọ sinh viên-Bếp tách biệt-Tối đa (3, 2 nữ hoặc 2 nam hoặc nam nữ)",2200000,"2,2 triệu/tháng",25,Quận Liên Chiểu,Phường Hòa Minh,"16.0657336,108.1695504","Trọ sinh viên-Bếp tách biệt-Tối đa (3, 2 nữ hoặc 2 nam hoặc nam nữ)
- Tách biệt, ở không ảnh hưởng tới mn xung quanh là được;
- Nhà xe riêng;
- Mình bận và chỉ có 1 phòng trọ nên ưu tiên bạn dễ tính dễ ở;
Điện 3k5, nước 50k/01 bạn; 2 bạn cũng 50k, 3 bạn thì 100k",5 ngày trước
169711781,126893939,cho thuê giường đơn,1400000,"1,4 triệu/tháng",38,Quận Hải Châu,Phường Thuận Phước,"16.0873004,108.2193575","Dorm giá 1,4triệu/tháng có:
1.Điều hoà
2.tủ lạnh
3.Máy giặt
4.nhà xe rộng
5.bếp rộng.
6.wifi miễn phí
7.không chung chủ
8.ko ngập úng
Ko nhận người nước ngoài và xe điện
 Cao Xuân Dục,Thuận Phước,Hải châu",5 ngày trước
175946961,132271630,Còn *** 1 phòng trọ khu phần lăng cho thuê,1500000,"1,5 triệu/tháng",14,Quận Thanh Khê,Phường Thanh Khê Tây,"16.0752379,108.1739979","Còn 1 phòng cho thuê khu phần lăng. Mỗi phòng có vệ sinh và bếp riêng, có gác lửng.
Khu dân trí cao.
Điện nước có đồng hồ riêng tính giá nhà nước.
Kì đầu tiên thanh toán tiền phòng 3 tháng ngay khi vào.
Ưu tiên cho sinh viên  thuê
Vui lòng liên hệ vào cuối tuần hoặc là ngoài giờ hành chính",5 ngày trước
172594394,129386716,PHÒNG SLEEP BOX TRUNG TÂM ĐÀ NẴNG – CHO THUÊ DÀI HẠN,1700000,"1,7 triệu/tháng",10,Quận Hải Châu,Phường Hòa Thuận Tây,"16.0563947,108.2080777","🛏️ PHÒNG SLEEP BOX TRUNG TÂM ĐÀ NẴNG – CHO THUÊ DÀI HẠN 🛏️

Phòng sạch đẹp, riêng tư – phù hợp người đi làm, sinh viên ở lâu dài

Có máy lạnh, wifi, vệ sinh riêng

Giờ giấc tự do, không chung chủ

Ngay trung tâm, gần sân bay, chợ, siêu thị...

💰 Giá chỉ 1.700.000 – 1.800.000đ/tháng
➡️ Đã bao gồm toàn bộ chi phí (điện, nước, wifi...)

🇻🇳 Địa chỉ: 408 Nguyễn Tri Phương, Hải Châu, Đà Nẵng 
📩 Liên hệ: *** để xem phòng nhé!",5 ngày trước
175979199,132299623,cho thuê phòng 20-40m2 giá chỉ từ 4tr,4500000,"4,5 triệu/tháng",30,Quận Cẩm Lệ,Phường Hòa Xuân,"16.0208056,108.2356257","Dự án: 
Thông tin chi tiết: Một toà nhà trắng tinh, bo cong mềm mại giữa ngã tư – nhìn đơn giản nhưng lại rất “có gu”.
Nhà mới 100%
Ban ngày đón nắng, tối lên đèn lại mang một cảm giác rất riêng.
Đứng từ ban công nhìn xuống, là cả một khoảng xanh và nhịp sống chậm rãi phía dưới…

📍 Góc ngã tư Trung Lương 10 – vị trí thoáng, dễ tìm
☕ Chỉ 500m là có cafe cây & nước – đủ gần để tiện, đủ xa để yên tĩnh

Hiện còn 6 phòng lớn nhỏ:
💰 Giá từ 4tr5 – 7tr
🛋 Có thể setup full nội thất theo nhu cầu

Phù hợp cho ai thích:
– Không gian sáng, nhiều cửa kính
– Góc view thoáng, có chút “chill” mỗi ngày
– Một nơi ở không chỉ để ngủ, mà để tận hưởng

📞 Liên hệ (Call/Zalo): *** để xem phòng thực tế",5 ngày trước
175779919,132128999,"cho thuê phòng đầy đủ tiện nghi nghi tại 20 hòa an 10,hòa an,cẩm lễ.",1800000,"1,8 triệu/tháng",15,Quận Cẩm Lệ,Phường Hòa An,"16.0482589,108.1754804","Phòng có -giường,nệm,ra,chăn,gối,quoạt, tủ lạnh,máy giặt,bình nước nóng.Phòng thoáng mát mùa  hè,ấm mùa đông .Khu cao ráo, phòng trên lầu 2 không lo mưa bão,ngập lụt.Cách bến xe 400m, chợ 100m, gần ngân hàng,siêu thị và các dịch vụ thết yếu khác. Khu vực an ninh.Có chìa khóa riêng để tiện đi về.Thích hợp hợp với ai độc thân ",5 ngày trước
175876714,132211399,Phòng Đường An Nhơn Gần Phạm Văn Đồng,5500000,"5,5 triệu/tháng",25,Quận Sơn Trà,Phường An Hải Đông,"16.0641384,108.2362691","Dự án: 
Thông tin chi tiết: 📍 Vị trí: Đường An Nhơn, gần Phạm Văn Đồng Beach

* Chỉ vài phút ra biển Mỹ Khê
* Khu vực yên tĩnh, nhiều cafe và tiện ích
* Thuận tiện ở dài hạn, làm việc remote

✨ Phòng full nội thất:

* Giường lớn, nệm êm
* Tủ Lạnh
* Máy lạnh
* Tủ quần áo gỗ đẹp
* Không gian ấm cúng, nhiều ánh sáng
* Wifi mạnh ổn định

🍳 Có bếp chung sạch sẽ, tiện nấu ăn
🛵 Khu dân cư an ninh
🌴 Phù hợp:

* Người ở dài hạn
* Digital nomad
* Người làm việc gần biển",5 ngày trước
175799123,132145162,Phòng trọ đường Đồng Trí 4 gần ngay Bến Xe ĐH Sư Phạm Bách Khoa 2 tr,2000000,2 triệu/tháng,20,Quận Liên Chiểu,Phường Hòa Minh,"16.0657336,108.1695504","Dự án: 
Thông tin chi tiết: Cho thuê phòng trọ đường Đồng Trí 4 gần ngay Bến Xe, ĐH Sư Phạm, Bách Khoa, Duy Tân, CĐ FPT... Bến Xe, Ngã 3 Huế. Rộng 20m2, Có sẵn giường
Nhà xe, phơi đồ rộng rãi. 
Giá chỉ 2 triệu/ tháng. 
Liên hệ: ***",5 ngày trước
175488857,131879253,Phòng Trọ Gác Gần Sân Bay,3500000,"3,5 triệu/tháng",30,Quận Hải Châu,Phường Hòa Cường Bắc,"16.0423876,108.22223","Dự án: 
Thông tin chi tiết: 🏡CĂN TRỌ GÁC LỬNG TTTP ĐÀ NẴNG
📌Địa chỉ: 4X Trường Thi 2
- Số phòng: P201(có cửa sổ trời), P202(cửa thông gió nhỏ)
- Mô tả: loại trọ gác lửng có cửa thoáng, có kệ bếp, trang bị điều hoà nóng lạnh. 
Có tủ lạnh nệm, ở được 2 người

* có hỗ trợ sơn lại phòng nha
💰Giá: 3TR7, 3TR5
Tình trạng: trống sẵn",5 ngày trước
175973287,132294531,"Phòng trọ gác lửng full nội thất gần Làng Đại Học – Giá chỉ 2,5 triệu",2500000,"2,5 triệu/tháng",16,Quận Ngũ Hành Sơn,Phường Hoà Quý,"15.9861983,108.2411153","Dự án: 
Thông tin chi tiết: 📍 Gần Làng Đại Học, thuận tiện đi FPT, Cao đẳng nghề, Y Dược…
🛏 Có gác lửng rộng rãi, sạch sẽ
❄️ Full nội thất cơ bản
🌤 Phòng thoáng, có cửa sổ lấy ánh sáng tự nhiên
🔐 Khu an ninh, giờ giấc tự do
📶 Wifi đầy đủ

💰 Giá chỉ từ 2,5 triệu/tháng
📦 Dọn vào ở ngay
☎️ Liên hệ xem phòng trực tiếp",5 ngày trước
175969749,132291368,phòng giá rẻ nằm ngay trung tâm cầu giồng siêu thị đi lại an ninh tốt,6000000,6 triệu/tháng,37,Quận Sơn Trà,Phường An Hải Bắc,"16.0780916,108.2321704","Dự án: 
Thông tin chi tiết: Nhà tôi nằm ngay mặt tiền đường trung tâm siêu tiện đi lại an ninh tốt giá rẻ gần chợ gần trường gần các nơi tiện nghi",5 ngày trước
175923715,132251822,CHO THUÊ PHÒNG TRỌ,3500000,"3,5 triệu/tháng",20,Quận Hải Châu,Phường Hòa Cường Bắc,"16.0423876,108.22223","3 tháng cọc 1 . 
Phòng nhà mặt tiền sát chợ Hoà Cường . 
Có 2 phòng , có điều hoà , có toilet riêng . 
tầng 2 và 3 . yên tĩnh sạch thoáng .
Chỉ cho Nữ thuê . ưu tiên sinh viên Hà Tĩnh .Huế.
",6 ngày trước
175606746,131980684,CHo thuê phòng trọ phường Thanh Khê,2000000,2 triệu/tháng,16,Quận Thanh Khê,Phường Thanh Khê Tây,"16.0650326,108.178456","Còn phòng trống khu vực Mẹ Nhu, Thanh Khê. Đầu tháng 5 vào ở được. Phòng trống, có nhà vệ sinh và gác lửng riêng. Trọ riêng không chung chủ",6 ngày trước
175935744,132262376,"phòng trọ giá rẻ, sạch sẽ ",1300000,"1,3 triệu/tháng",20,Quận Liên Chiểu,Phường Hòa Khánh Bắc,"16.0706795,108.1480658","phòng trọ giá rẻ, sạch sẽ, gần khu công nghiệp hoà khánh, gần chợ, gần trường học. rất phù hợp với gia đình công nhân làm việc ở khu công nghiệp. wifi miễn phí, tiền rác miễn phí. không chung chủ ",6 ngày trước
175954427,132278285,cho thuê phòng kv Khuê Mỹ,7000000,7 triệu/tháng,35,Quận Ngũ Hành Sơn,Phường Khuê Mỹ,"16.0302205,108.2525802","Dự án: 
Thông tin chi tiết: Phòng đầy đủ nội thất. Tủ lạnh. Tv. Bàn ghế. Giường nệm. Nóng lạnh. Điều hoà. Máy giặt chung.",6 ngày trước
175953509,132277451,Căn hộ thi sách cho thuê,7500000,"7,5 triệu/tháng",40,,,"16.0559913,108.2052433","Dự án: 
Thông tin chi tiết: Căn hộ mặt tiền đường thi sách
+diện tích: 50m2
+ phòng: 2 phòng + 1 gác lửng
+ tiện ích: 1 điều hoà, máy giặt, tủ lạnh, giường, máy nước nóng
+ phòng mát mẻ và sạch sẽ, cô chủ vui vẻ và hiền
+ vị trí: đường thi sách
+ giá thuê: 7.xxx 
+ điện nước tính giá theo chỉ đạo thành phố
+ phù hợp cho ở hộ gia đình nhỏ. khu vực an ninh không ngập lụt.
*** em xin không qua trung gian ạ. quan tâm inb hoặc điện thoại: ***",6 ngày trước
174450496,130994866,Cho thuê căn hộ studio đầy đủ nội thất tại V5 FPT sát Nam Kỳ Khởi Nghĩ,4000000,4 triệu/tháng,30,,,"15.9780924,108.2679474","Cho thuê căn hộ studio đầy đủ nội thất tại V5 FPT sát Nam Kỳ Khởi Nghĩa, trục Giá 4 triệu/tháng.

Quý Khách hàng gọi ngay 0905 318 *** (Zalo) để được tư vấn tận tình, chu đáo nhất.

BĐS Rồng Đỏ - chuyên FPT City Đà Nẵng.

Tận tâm - bảo mật - an toàn.

Chúng tôi gắn bó với FPT City từ những ngày đầu hình thành. Chúng tôi nắm rõ dự án để cung cấp cho bạn các Bất động sản ***.

Hotline: 0905 318 ***.
BĐS Rồng Đỏ - chuyên FPT City Đà Nẵng.
Văn phòng: V5. B05.50 & 51 Shophouse FPT.",7 ngày trước
175903397,132234272,"Phòng trọ cao cấp gần cầu Nguyễn Tri Phương gần đường 29/03, Hoà Xuân.",3500000,"3,5 triệu/tháng",25,,,"16.0019983,108.2199588","- Cho thuê phòng trọ cao cấp ngay cầu Nguyễn Tri Phương gần đường 29/03, Hoà Xuân, Đà Nẵng. 
- Có nội thất: Giường, tủ quần áo, bàn làm việc, điều hoà, quạt trần, tủ lạnh, máy giặt chung,…
- Ngày 11/05 có phòng trống. 
",7 ngày trước
175929160,132256532,"Phòng trọ điều hòa, tủ lạnh thoáng mát tại K267 Ngô Quyền",2550000,"2,55 triệu/tháng",20,,,"16.0878185,108.2425707","Cho thuê phòng trọ tại 267 Ngô Quyền :
👉Có điều hòa
👉 tủ lạnh
Phòng rộng dãi, thoáng mát, có điều hòa. Vệ sinh khép kín, bếp nấu ăn, kho để đồ. Có sân thượng tập thể dục, khu phơi đồ thoải mái.
Ra biển 200m, ra đường Ngô Quyền 100m, gần chợ Mân Thái, chợ chiều, gần trường cấp 1,2,3 và bệnh viện.
Ở gđ hoặc ở ghép đều được.
Khu vực an ninh tốt, yên tĩnh, có camera quan sát, giờ giấc tự do.
Lối đi riêng.
Chủ nhà thân thiện, vui tính",7 ngày trước
175927558,132255028,Cho thuê nhà 41/15/82 Nguyễn Lương Bằng,5500000,"5,5 triệu/tháng",100,,,"16.08689,108.1442807","Cho thuê nhà 41/15/82 Nguyễn Lương Bằng. Diện tích đất 220m2, diện tích nhà ở 100m2",1 tuần trước
175925373,132253572,Cho thuê trọ sv,1500000,"1,5 triệu/tháng",15,,,"16.0534112,108.1487964","Khu an ninh, thoáng mát , sạch sẽ, wc khép kín, bếp nấu ăn, giờ giấc tự do. Gần các trường ĐH, chợ, bệnh viện, siêu thị, bhx, kdc đông đúc. Thích hợp cho SV và đi làm văn phòng. Các cháu có nhu cầu LH cô hoa.***., cô ko nhận tn nhé các cháu. Cám ơn chotot đã duyệt tin.",1 tuần trước
175292713,131710400,"Phòng trọ cần cho thuê tại đường Trưng Nữ Vương, Hải Châu, Đà Nẵng",3000000,3 triệu/tháng,25,,,"16.0331097,108.2242356","Còn 1 phòng trọ cần cho thuê nằm tại số nhà H63/1 K448 Trưng Nữ Vương, Hải Châu, Đà Nẵng 
Giá thuê 3tr/tháng, ở không quá 2 người
Phòng có diện tích 25m2, có gác lửng. WC trong phòng.
Có điều hoà, bệ bếp, bồn rửa chén 
Có sân để xe, camera 24/7.",1 tuần trước
175539130,131922755,Nhà Nghỉ Việt Thương,120000,120000 đ/tháng,25,,,"15.9557912,108.1013637","🏨 MOTEL VIỆT THƯƠNG – PHÒNG SẠCH ĐẸP, GIÁ TỐT TẠI ĐÀ NẴNG

Bạn đang tìm một chỗ nghỉ sạch sẽ – thoải mái – giá hợp lý tại Đà Nẵng?
Motel Việt Thương là lựa chọn phù hợp cho bạn!

✔️ Phòng sạch sẽ, thoáng mát
✔️ Giường nệm êm ái, phòng luôn được dọn kỹ sau mỗi lượt khách
✔️ Có máy lạnh, wifi mạnh, TV, nước nóng đầy đủ
✔️ Không gian yên tĩnh, riêng tư, phù hợp nghỉ ngơi hoặc công tác

📍 Vị trí thuận tiện: gần chợ, khu dân cư, dễ di chuyển
💰 Giá phòng hợp lý – phù hợp ở ngắn ngày và dài ngày

👉 Nhận phòng nhanh – không thủ tục rườm rà
👉 Có hỗ trợ khách đến trễ

📞 Liên hệ/Zalo: 0935 207 564
📍 Motel Việt Thương – Đà Nẵng",1 tuần trước
175915808,132245805,Cho thuê trọ tại trung tâm Thành Phố,3000000,3 triệu/tháng,25,,,"16.0636784,108.2133627","Dự án: 
Thông tin chi tiết: Cần cho thuê phòng trọ tại vị trí gần trung tâm thành phố. Xung quanh là các tuyến đường chính như Lê Duẩn, Nguyễn Văn Linh, Hùng Vương. Gần các trường đại học như Kinh Tế, Duy Tân, Ngoại Ngữ,… Trọ ở riêng không ở chung với chủ, điện nước sinh hoạt tự tính riêng, có sẵn điều hoà và nước nóng lạnh. Mọi thông tin chi tiết vui lòng liên hệ ***",1 tuần trước
175874792,132209812,cho thuê phòng tầng 3,3000000,3 triệu/tháng,30,,,"16.0805678,108.1589765","Dự án: 
Thông tin chi tiết: 1 phòng ngủ,  toilét, bếp,ban công, sân thượng, thoáng mát yên tĩnh, gần trường học, biển.",1 tuần trước
175911870,132241529,Cho thuê phòng,1200000,"1,2 triệu/tháng",20,,,"16.0534112,108.1487964","Cho thuê phòng trọ kiệt 36 Mẹ Suốt, gần trường ĐH Sư Phạm, nhà thuốc, bệnh viện, Siêu thị Vinmart, chợ hòa khánh nam, an ninh, sạch sẽ",1 tuần trước
175256245,131679049,"CHO THUÊ PHÒNG THÔNG THOÁNG NGAY ĐH FPT, GIÁ RẺ SINH VIÊN",2900000,"2,9 triệu/tháng",35,,,"15.9761928,108.2560292","CHO THUÊ PN TRỌ CAO CẤP – GÁC LỬNG RỘNG RÃI 🌟 MỚI XÂY XONG  

📍 Địa chỉ: 12 Trà Khê 8, Ngũ Hành Sơn
💰 Giá thuê: Chỉ từ 2 tr800/ phòng  😱😱
📍PN GÁC LỬNG SIÊU RỘNG Ở TỪ 2-3 bạn thoải mái
🛋️  FULL NỘI THẤT: Điều hoà, nóng lạnh, tủ lạnh, tủ quần áo, nệm --> chỉ việc dọn vào ở 🧰
📍CÓ THANG MÁY, FREE WIFI, MÁY GIẶT CHUNG.
📍Giờ giấc tự do, không chung chủ
📍Camera an ninh, nhà xe rộng rãi
🗺️ Vị trí thuận tiện: ngay làng đại học, khu FPT.
Nhận Phòng từ ngày 05/05",1 tuần trước
175903847,132234657, PHÒNG GÁC LỬNG KHU FPT CÓ BAN CÔNG THOÁNG MÁT,3000000,3 triệu/tháng,25,,,"15.986558,108.2674092","🌿 PHÒNG GÁC LỬNG CÓ BAN CÔNG GẦN ĐẠI HỌC FPT 
-- -- --
📍Vị trí: Tòa nhà December ngay cạnh ĐH FPT, Ngũ Hành Sơn
- Sẵn điều hòa, nóng lạnh, kệ bếp
- Ban công thoáng mát.
- Điện 3k8/kwh, nước 70k/người, phí dịch vụ 50k/người
- Cọc 1 tháng, thanh toán từng tháng.",1 tuần trước
175898069,132229531,Pass phòng còn 3 tháng HĐ,3800000,"3,8 triệu/tháng",25,,,"16.0482589,108.1754804","Mình cần pass gấp trọ 3tr8 ở đường Nguyễn Đình Tứ để về quê ạ, bạn nào ở sớm mình hỗ trợ 500k tiền cọc ạ",1 tuần trước
175847455,132186443,CHO THUE PHONG TRO CAM LE - DA NNAG,1200000,"1,2 triệu/tháng",15,,,"16.0122832,108.1992015","Cho thuê phòng trọ ở KCN Hoà Cầm, Cẩm Lệ, Đà Nẵng
Cách trung tâm thành phố 5-7km
",1 tuần trước
175895148,132227175,cho thuê phòng trọ sau bến xe,4000000,4 triệu/tháng,18,,,"16.0439709,108.1789834","Dự án: 
Thông tin chi tiết: Đầy đủ trang thiết bị, máy giặt ban công, thang máy",1 tuần trước
175853441,132191415,căn hộ mini,2500000,"2,5 triệu/tháng",35,,,"16.0770582,108.1369375",ngay chợ An Ngãi Đông chợ Thanh Vinh có trường mẫu giáo cấp 1 2 3 gần các khu công nghiệp rất thuận tiện cho việc học tập và làm việc ,1 tuần trước
175878852,132213174,"CĂN HỘ FULL NỘI THẤT – ĐƯỜNG HỒ TÙNG MẬU, LIÊN CHIỂU",4200000,"4,2 triệu/tháng",20,,,"16.0780294,108.1604759","• 💰 Giá thuê: 4.200.000/tháng

• ✨ Tiện nghi: Căn hộ được trang bị full nội thất hiện đại, không gian sạch sẽ và thoáng mát, sẵn sàng dọn vào ở ngay.

• 📍 Vị trí đắc địa: Đường Hồ Tùng Mậu, Liên Chiểu. Đây là khu vực có vị trí cực kỳ thuận tiện:
• Sát biển, tận hưởng không khí trong lành.
• Gần siêu thị MM Mega Market, thuận tiện mua sắm.
• Gần trường Đại học Bách Khoa Đà Nẵng, rất phù hợp cho sinh viên hoặc giảng viên.

• 📅 Trạng thái: Trống sẵn, hỗ trợ xem phòng trực tiếp.

📞 Liên hệ: *** (Zalo/Whatsapp)",1 tuần trước
175871717,132207636,trống phòng trọ full nội thất,3800000,"3,8 triệu/tháng",20,,,"16.0859506,108.1513363","cho thuê căn phòng trọ ở liên chiểu. gần biển. đủ đồ nội thất, máy giặt, tắm nóng, máy lạnh, bếp. ... phòng ở được 2 người. giờ giấc tự do, không chung chủ. sân xe rộng rãi
wifi miễn phí, giá điện 3.4k/1kw. nước 50k 1 người, phí dịch vụ 100k/ tháng",1 tuần trước
175882823,132216606,TRỌ ĐIỀU HOÀ VÀ NÓNG LẠNH NGAY CHUNG CƯ VĂN TIẾN DŨNG,2900000,"2,9 triệu/tháng",35,,,"16.0029946,108.2195401","Dự án: 
Thông tin chi tiết: Dự án: 
RỘNG RÃI, MỚI XÂY, Có điều hoà và nóng lạnh ngay chung cư Văn Tiến Dũng
Ở được 3-4 người, nhà xe rộng
Không nuôi Pet
Số 24 Trung Lương 6- phòng tầng 3 ạ
Cuối tháng 5 có phòng ạ",1 tuần trước
173524246,130191297,"Căn hộ phòng khách sạn – Hoàng Diệu, Hải Châu",4800000,"4,8 triệu/tháng",20,,,"16.0507619,108.2181335","Cho thuê căn hộ  Studio rộng rãi gần cầu Trần Thị Lý
Địa chỉ : Hoàng Diệu - Gần Cầu Trần Thị Lý – ĐH DUY TÂN
🍑 Studio full nội thất  - gần chợ
🍑 Máy giặt riêng, có ban công phơi riêng từng phòng
🍑 Có thang máy, ra vào thẻ từ, không chung chủ, nhà xe riêng, an ninh.
📌 Điện 4,3K/kWh, 
📌 Nước, thang máy, rác : 150.000 VND / Người
‼️ THANH TOÁN 1 THÁNG CỌC 1 THÁNG
☎️***",1 tuần trước
175875749,132210638,CHO THUÊ PHÒNG 30M2 ĐẦY ĐỦ NỘI THẤT NGAY TRUNG TÂM - CHỈ NHẬN NỮ,5000000,5 triệu/tháng,30,,,"16.0685843,108.1984855","🏡 PHÒNG XINH NGAY TẠI TRUNG TÂM ĐÀ NẴNG (CHỈ NHẬN NỮ) 🏡

 Thông tin phòng trọ:
- Diện tích 30m² rộng rãi, ở 1–2 người cực kỳ thoải mái
- Full nội thất: điều hoà, giường, tủ lạnh, tủ quần áo, bếp, toilet riêng sạch sẽ. Bên cạnh đó, căn hộ bao gồm sân phơi rộng thoáng, chỗ gửi xe trong nhà,…

💰 Giá thuê: 5.000.000đ/tháng

📍 Vị trí: 8 Thuận An 6, Thanh Khê– Đà Nẵng
- Khu vực trung tâm, di chuyển thuận tiện đến các điểm tiện ích
- Bao quanh là chợ, siêu thị, quán ăn, cà phê, công viên, sân bay,…
- Khu dân cư yên tĩnh, an ninh tốt, phù hợp cho người đi làm & sinh viên
- Gần biển, không khí mát mẻ, đường rộng 7.5m 

Chỉ cho nữ thuê – đảm bảo môi trường sống an toàn, văn minh

 Ưu tiên người ở lâu dài, gọn gàng, sạch sẽ. Inbox ngay: ***",1 tuần trước
175454721,131849871,"cho thuê căn hộ mini gần ĐH Fpt, Việt Hàn",2200000,"2,2 triệu/tháng",18,,,"15.9756771,108.2548086","Dự án: 
Thông tin chi tiết: Căn hộ an ninh, ko chung chủ, mặt tiền đường lớn, có nội thất, gần Đh Fpt, Việt Hàn. Ở 1-2 người và ko  nuôi pet. Liên hệ zalo theo số dt",1 tuần trước
175544029,131926962,Phòng trọ trung tâm thành phố 356/89 Hoàng Diệu.,2500000,"2,5 triệu/tháng",25,,,"16.0562861,108.217152","Phòng trọ trung tâm thành phố 356/89 Hoàng Diệu. Có bếp riêng, WC riêng
Chổ ở rộng rãi sạch sẽ (mới làm). Vị trí cao không ngập nước
Có vị trí lắp đặt điều hoà và bình nóng lạnh. Wifi miễn phí
Chổ để xe rộng rãi, Rác miễn phí.Đường kiệt lớn, ô tô vào được
Giờ giấc tự do, có lối đi riêng ko ãnh hưỡng đến chủ
Có đồng hồ điện nước riêng, Điện 3.5k/1kw; nước 10k/1m3
Khu vực an ninh Liên hệ ***-a Phú
",1 tuần trước
175871250,132206859,cho thuê nhà trọ vừa sạch sẽ gần Đại học Sư phạm,2500000,"2,5 triệu/tháng",24,,,"16.0534112,108.1487964",cho thuê phòng trọ sạch sẽ thoáng mát luôn luôn thông thoáng gần trường Đại học sư phạm có điều hòa wi-fi nước nóng lạnh an ninh tốt,1 tuần trước
175860743,132197747,cho thuê căn hộ,7000000,7 triệu/tháng,55,,,"15.982958,108.2334189","Dự án: 
Thông tin chi tiết: 📍CHO THUÊ CĂN HỘ TIỆN NGHI NHƯ NHÀ Ở. 
Căn hộ có 2 phòng ngủ riêng biệt .

Đà Nẵng 
218 Tô Hoài
Mô tả : 
🍀 Đầy đủ nội thất cao cấp mới, máy giặt riêng, bếp từ, tủ lạnh,....
🍀 Phòng thoáng mát,  có bạn công thoáng mát
🍀 Wifi free.
🍀 Điện 3,800/1kw, Nước 100.000/người trên tháng 
🍀 Thang máy
🍀 Giờ giấc tự do in
🍀 Vị trí thuận tiện đi lại 
🍀 Phù hợp với gia đình 
Không khí vô cùng trong lành, yên tĩnh 

💶 Giá thuê chỉ 7000.000/ tháng /phòng 

📲 Liên hệ chính chủ *** Call/Zalo
Để biết thêm thông tin chi tiết!!l",1 tuần trước
175080827,131531366,"NHÀ TRỌ ĐƯỜNG TRẦN VĂN DƯ, NGŨ HÀNH SƠN, ĐÀ NẴNG",2700000,"2,7 triệu/tháng",20,,,"16.0476897,108.2466488","CHO THUÊ NHÀ TRỌ CÓ GÁC LỬNG, NHƯ KÝ TÚC XÁ SINH VIÊN, ĐƯỜNG TRẦN VĂN DƯ, GẦN CHỢ BẮC MỸ AN, NGŨ HÀNH SƠN, ĐÀ NẴNG

- Vị trí đẹp, 2 phút đến chợ Bắc Mỹ An, 3 phút đến cầu Tiên Sơn hoặc bãi biển, 5 phút đến Đại Học Kinh Tế ĐN. Giao thông thuận tiện.
- Lối đi riêng, giờ giấc tự do. Có chỗ để xe. Khu vực dân trí cao, an ninh bảo đảm.
- Diện tích rộng, toilet riêng, cửa sổ, bếp, đặc biệt có gác lửng, đảm bảo không gian rộng rãi và sạch sẽ.
- Máy giặt, Internet tốc độ cao miễn phí 24/24. Điện nước giá rẻ.
- Phù hợp cho gia đình, người đi làm và sinh viên.

Giá thuê ưu đãi: 2,7 triệu/tháng/phòng. Ưu tiên sinh viên. 

Chi tiết liên hệ cô Ngân.",1 tuần trước
175816882,132188237,"Phòng trọ P. Thanh Khê Tây, Q. Thanh Khê",2000000,2 triệu/tháng,14,,,"16.0720556,108.1787232","Cho thuê phòng trọ tại số nhà 05 đường Phục Đán (158/07 đường Dũng Sĩ Thanh Khê), đường 5,5m. DT 14m2, WC, điện, nước riêng. An ninh tốt. Gần trường Cao đẳng thương mại, đại học Thể dục thể thao, gần biển. LH A Trí: ***",1 tuần trước
175814007,132157914,"căn hộ trong nhà nguyên căn không chung chủ,máy lanh,quạt,toilet riêng",3000000,3 triệu/tháng,18,,,"16.0206627,108.2469107","Dự án: 
Thông tin chi tiết: Căn hộ trong nhà nguyên căn tâng 2 ,khu Nam Việt A ,không chung chủ , sach sẽ , máy lạnh, quạt nhà vệ sinh riêng trong phòng . Phù hợp người đi làm cần chỗ nghỉ ngơi yên tĩnh , sinh viên cần chỗ yên tĩnh học tâp . Gần kinh tế , fpt, đại học y dược , bện viện 600 giường.",2 tuần trước
175438104,131835528,Phòng trọ cao cấp BẾN XE đầy đủ tiện nghi nội thất trống sẵn ở ngay ạ🔥,2300000,"2,3 triệu/tháng",20,,,"16.0657336,108.1695504","🍀 NGAY CAO ĐẲNG FPT NGUYỄN HUY TƯỞNG
🍀 ĐH ĐUY TÂN , ĐH BÁCH KHOA , ĐH SƯ PHẠM 
🚗 Vị trí: 87 Nguyễn Viết Xuân ( Đối diện Bến Xe ngay cầu ngã ba Huế )
📖Mô tả :
------------------------——
- Full nội thất, công năng đầy đủ
- Cách đại học Duy Tân (Hoà Khánh) chỉ 2km
- Cửa sổ lớn, ban công thoáng mát
- Giờ giấc tự do, ko chung chủ
- Bãi đậu xe rộng rãi
- Bếp chung, máy giặt mới , sân phơi
- Di chuyển thang bộ, có camera an ninh tất cả các tầng
• Giá chỉ từ :
Đơn : 2.300.000 - 2.600.000đ /2ng/ tháng
Đôi rộng cửa sổ , Đơn ban công : 2.800.000 - 3.500.000đ /4ng/ tháng
Căn hộ 2PN-3WC ( điều hoà , nóng lạnh , máy giặt , tủ lạnh ) có phòng bếp riêng biệt: 6.500.000đ / tháng
--------------------------
📲📲 Liên Hệ Anh nha  : 0.9.3.5…………000008",2 tuần trước
175834873,132179372,CHO THUÊ CĂN HỘ STUDIO KHU VỰC TRUNG TÂM ĐÀ NẴNG,5200000,"5,2 triệu/tháng",35,,,"16.0630138,108.2087526","- Nằm ở khu vực kiệt oto đường Phan Thanh, song song với trục đường Nguyễn Văn Linh
- Cách sân bay Đà Nẵng chưa đến 1km, gần bệnh viên Hoàn Mỹ 200m, công viên, siêu thị bigC , winmart, v.v... 
- Cách biển 10 phút đi xe máy
- Chủ nhà thân thiện, hiền lành.
- Thiết kế phong cách homestay , đầy đủ nội thất như tivi, tủ lạnh, điều hòa, bếp.
- Có máy giặt riêng
- Có giếng trời thoáng mát
Liên hệ sđt: ***
",2 tuần trước
175837239,132177783,CHO THUÊ PHÒNG TRỌ HẢI CHÂU - HOÀNG DIÊU- NGUYỄN VĂN LINH,4000000,4 triệu/tháng,20,,,"16.0579868,108.2140924","Dự án: 
Thông tin chi tiết: PHÒNG TRỌ – FULL TIỆN NGHI, VÀO Ở NGAY
GẦN ĐH DUY TÂN- SÂN BAY- CẦU RỒNG
📍 Địa chỉ: k266 đường Hoàng Diệu,Hải Châu, Đà Nẵng
📌 Cách ĐH Duy Tân 500m, Sân Bay, Cầu Rồng-1km 

💰 Giá phòng: 4tr-4.200.000đ/tháng 
ĐẶC BIỆT ƯU TIÊN(Ở MỘT NGƯỜI GIẢM 500K)
🔌 Điện: 3.800đ/số
💧 Nước: 50.000đ/người
🧺 Máy giặt: 50.000đ/2 người (nếu sử dụng)
📶 Wifi: 50.000đ/phòng

Nội Thất: 1 ban ghế +1 giường +1 nệm + 1 giá treo quần áo
kí hợp đồng bổ sung thêm (tủ lạnh 90 lít)
❄️ Có sẵn điều hoà
🚿 Máy nước nóng lạnh đầy đủ

🔐 Cọc: 1 tháng - Hợp Đồng : 6 tháng
✨ Phòng sạch sẽ, thoáng mát
✨ Khu vực an ninh, yên tĩnh
✨ Dọn vào ở ngay, không cần chờ
( chỉ nhận nam)
📞 Liên hệ: ***",2 tuần trước
175822345,132165052,"Phòng trọ mới xây hoà xuân có điều hoà, nóng lạnh",3000000,3 triệu/tháng,25,,,"15.9793965,108.2187009","Phòng trọ mới xây khu vực Hoà xuân. Có điều hoà, máy nóng lạnh.
Phòng có cửa sổ lớn thoáng mát. 
Thuận tiện ra làng đại học. Aeon, trường Nicola, Chợ miếu bông
- Điện : 3,8k/ chữ
- Nước : chia bill",2 tuần trước
175453306,131848676,cho thuê phòng trọ,2500000,"2,5 triệu/tháng",25,,,"16.0531995,108.1658953","Dự án: 
Thông tin chi tiết: Cho thuê phòng trọ 
Phù hợp cho người đi làm sv 
Gần chợ trường khu công nghiệp",2 tuần trước
175799348,132145359,cho thuê phòng trọ mới hoà thọ đông,2300000,"2,3 triệu/tháng",35,,,"16.0122832,108.1992015","cho thuê phòng trọ có gác hoà thọ đông Kiệt 156 đường Nguyễn Xuân Hữu Nguyễn Xuân Hữu 
dt 30 mét 
phòng có gác có điều hoà 
giá thuê 2 tr 3 / 1 phòng 
LH : ***. ",2 tuần trước
173898053,130517612,Cho thuê phòng trọ gần bến xe trung tâm,2500000,"2,5 triệu/tháng",16,,,"16.0608067,108.1714784","Cho thuê phòng trọ gần bến xe trung tâm
-Gần bến xe , chợ hoà mỹ ...
-Cách trường đại học sư phạm 1km
+ Trường cao đẳng thương mại 1,5km
+ Đại học duy tân hoà khánh nam 1,5km
+ Đại học bách khoa 2,5km 
-Có sẵn giường, bếp, tủ gương, quạt ,điều hoà , máy nóng lạnh , smart tivi , wifi, nhà vệ sinh riêng , sân phơi đồ ( đầy đủ tiện nghi, chỉ cần xách vali vào )
-Không chung chủ , giờ giấc tự do
-Cửa thông minh dùng khoá từ
-Có camera chống trộm, chỗ để xe rộng rãi, khu dân cư an ninh tốt , đường 10m5
-Điện 3,5k/1 số
-Nước 50k/1 người
-Máy giặt 30k/1người
-Nam nữ ở bình thường
Giá 2,5 triệu 
Địa chỉ : 82 thanh tịnh , hoà minh , liên chiểu , đà nẵng",2 tuần trước
175421307,131821093,"Phòng Trọ Mới Mặt Tiền Thanh Vinh CÓ NỘI THẤT Điều Hoà, Nóng Lạnh",2000000,2 triệu/tháng,22,,,"16.0744216,108.1307082","Phòng Trọ Mới Xây Mặt Tiền Thanh Vinh CÓ NỘI THẤT (Điều Hoà, Nóng Lạnh, Máy Giặt) Rộng 22m2 gần chung cư Âu Cơ, Khu Công Nghiệp Hoà Khánh, ĐH Bách Khoa, Sư Phạm... 
Giá 2 triệu/ tháng. Nhà xe và phơi đồ rộng rãi 
Liên hệ: ***",2 tuần trước
175366661,131774213,PHÒNG TRỌ HOÀ XUÂN,2000000,2 triệu/tháng,25,,,"15.9992021,108.2106338","Dự án: 
Thông tin chi tiết: 🏘️CHO THUÊ PHÒNG TRỌ HOÀ XUÂN
✅Diện tích mỗi phòng 22-25m2

✅Sạch sẽ, thoáng mát, tolet riêng từng phòng

✅Xung quanh đầy đủ tiện nghi, sinh hoạt

✅Gần cầu Nguyễn Tri Phương, Văn Tiến Dũng, chợ Hoà Xuân..

✅Lh sđt gặp cô Hương",2 tuần trước
174860900,131343871,Phòng trọ dt 30m2 tại đường đà sơn 8,2800000,"2,8 triệu/tháng",30,,,"16.0483834,108.1534171","Cho thuê phòng trọ cao cấp đường Đà Sơn 8
	•	Phòng rộng, sạch, có ban công cửa sổ thoáng mát
	•	Có sẵn giường, máy lạnh, quạt, bàn ghế, máy nước nóng lạnh, máy giặt
	•	Khu vực yên tĩnh, an ninh gần đh duy tân, bách khoa, sư phạm, sát chợ đà sơn, winmart, bách hoa xanh đầy đủ tiện ích
💰 Giá:  2,8tr-3tr tuỳ căn
* ***",2 tuần trước
175800477,132146547,"CHính chủ Cho thuê phòng trọ Chính chủ K96,66 Điện Biên Phủ, Đà Nẵng",2800000,"2,8 triệu/tháng",25,,,"16.0657099,108.1988234","Tôi chính chủ Cho thuê phòng trọ K96/66 Điện Biên Phủ (chính chủ), kiệt 3,5m thông thương, diện tích phòng 25m² chưa kể bếp tolet, Phòng sáng sủa, sạch mới. Có toilet riêng, có phòng bếp riêng có bồn rửa chén, có sân phơi, sân để xe, lối đi riêng không chung với chủ, giờ giấc thoải mái, yên tĩnh sạch sẽ, khu vực an ninh, gần chợ, siêu thị, bệnh viện, giá 3tr/tháng. LH: Cô Trang.(chỉ cho 1 Nam thuê).",2 tuần trước
175780637,132129412,"✨ Phòng mới 100% – Hòa Khánh, gần ĐH Sư Phạm, Bách Khoa, Duy Tân ✨️",3800000,"3,8 triệu/tháng",30,,,"16.065653,108.1454414","✨ Phòng mới 100% – Hòa Khánh, gần ĐH Sư Phạm, Bách Khoa, Duy Tân ✨
-----‐-----------------
🏡 Đường Khánh An 7 
✅ ️Tiện nghi: Nội thất đầy đủ, máy giặt chung Giờ giấc tự do, Có bảo vệ 24 / 24, Thang máy, Khu vực sân phơi riêng, khu vực nhà xe, Có camera 24 / 24 
💵 3tr8 (Ở được tối đa 4 người, từ người thứ 3 +200k) 
📲Liên hệ xem phòng Zalo: ***",2 tuần trước
175797300,132143683,"Cho thuê phòng đường Phạm Xuân Ẩn, Hòa Xuân, Đà Nẵng",2000000,2 triệu/tháng,16,,,"16.0093671,108.2225957","Cho thuê phòng đường Phạm Xuân Ẩn, Hòa Xuân, Đà Nẵng
Phòng trống, có điều hòa, cửa sổ lớn.",2 tuần trước
175795568,132142167,Cho thuê phòng trọ,1500000,"1,5 triệu/tháng",26,,,"16.0494196,108.1854536",Gần cửa hàng điện nước và quán cháo ngọc lan.,2 tuần trước
174911069,131386551,Cho thuê p trọ,1000000,1 triệu/tháng,18,,,"16.08689,108.1442807","Dự án: 
Thông tin chi tiết: Cần cho thuê p trọ K144/81 đường Ng Lương Bằng khu an ninh hàng xóm thân thiện chỗ ở thoáng mát, gần trường đại học bách khoa, kiệt gần đường lớn gần các khu chợ và siêu thị sầm uất thuận tiện việc mua sắm cho người ở, 
Có đồng hồ điện-nước-wifi - chìa khoá phòng riêng tư giờ giấc tự do ko chung chủ.",2 tuần trước
175791955,132138740,cần cho thuê trọ mới sửa sang sạch đẹp có máy lạnh,2000000,2 triệu/tháng,30,,,"16.0287361,108.1725154","cần cho thê trọ rộng 30m2 sạch đẹp có nội thất đầy đủ,có máy lạnh,mới sửa sang.
",2 tuần trước
175788550,132135942,"Phòng trọ giá rẻ gần FPT, VKU, y dược",950000,950000 đ/tháng,16,,,"15.9758722,108.2314799","Dự án: 
Thông tin chi tiết: Vừa trống 1 phòng
Khu vực yên tĩnh, có vệ sinh riêng
Điện, nước, wifi đầy đủ
Anh chị nào cần thì liên hệ để có thêm thông tin",2 tuần trước
175782053,132130825,Cho thuê phòng đôi khép kín,4000000,4 triệu/tháng,50,,,"16.0466947,108.20958","Cho thuê phòng đôi khép kín k654/24 Trưng Nữ Vương. Khu bộ đội an ninh yên tĩnh. Chỉ cho nữ thuê (ưu tiên đi làm).

LHCC *** (MTG)",2 tuần trước
175775938,132125172,CĂN HỘ MINI PHONG CÁCH SANTORINI – NGAY CHỢ HÒA KHÁNH,3500000,"3,5 triệu/tháng",20,,,"16.0705121,108.1510707","Gần ĐH Bách Khoa (500m) – ĐH Sư Phạm (1km)
1 phòng ở 701/3 Tôn Đức Thắng
Tiện ích: cách chợ Hòa Khánh 50m, Đại học bách khoa: 500m, Đại học sư phạm 1km
Tiện ích cả 2:Giường (nệm), bếp, điều hoà, nóng lạnh,tủ quần áo, internet riêng, máy lọc nước, máy giặt chung, tủ lạnh
 Camera an ninh, PCCC đầy đủ
• Ban công riêng, thoáng mát quanh năm 🌬️
• Không chung chủ, giờ giấc tự do
🏡 Khu dân cư an ninh – Gần siêu thị, trạm xe buýt, trường học 
Điện 3.600/kw, nước 50k/người
📲 Inbox/Zalo: 091555360",2 tuần trước
175758393,132110295,Cho thuê Phòng trọ/ kinh doanh đường lê đại hành,6000000,6 triệu/tháng,30,,,"16.0122832,108.1992015","Cho thuê phòng trọ/kinh doanh 

Có 1 phòng ngủ riêng, có gác lửng

Vị trí mặt tiền đường Lê Đại Hành

📍Có nội thất cơ bản, điều hoà, nóng lạnh, vệ sinh riêng, khu bếp 
- Có wifi, giặt chung, camera 24/24
- Giờ giấc tự do
- Phù hợp ở được dưới 4 người
- Có khu vực đậu xe
——————
- Thuê ở trọ giá 6tr có thể thương lượng
- Thuê kinh doanh: 8tr có thể thương lượng

- Xem phòng trực tiếp tại 279 Lê Đại Hành. Lh: ***

- Thuê ở trọ thì ưu tiên gia đình, anh chị em, nhóm bạn nam, nhóm bạn nữ ở ạ.",2 tuần trước
175745691,132099443,pass phòng gấp. Hđồng còn 1 tháng hết 31/5,6500000,"6,5 triệu/tháng",30,,,"16.0710885,108.2214415","Dự án: 
Thông tin chi tiết: Dự án: 
Thông tin chi tiết: Còn 1 tháng. Ở dài lâu ib thêm. K cần cọc trước 
Có thể tách làm 2 phòng ngủ. Đầy đủ nội thất, máy giặt, ban công riêng.",2 tuần trước
175399302,131802437,CHO THUÊ PHÒNG TRỌ ĐẦY ĐỦ NỘI THẤT NHƯ HÌNH HOÀ XUÂN ĐÀ NẴNG,2300000,"2,3 triệu/tháng",15,,,"15.9924062,108.2109974","CHO THUÊ PHÒNG TRỌ ĐƯỜNG NGUYỄN KIM HOÀ XUÂN GIAO PHẠM HÙNG NHƯ HÌNH PHÒNG CÓ GIƯỜNG NỆM, MÁY LẠNH , NÓNG LẠNH , QUẠT , MÁY GIẶT CHUNG WIFI MIỄN PHÍ 
KHÔNG CHUNG CHỦ , GIỜ GIẤC THOẢI MÁI
GIÁ THUÊ 2,3 TRIỆU 1 THÁNG
AI CÓ NHU CẦU LIÊN HỆ TRỰC TIẾP SĐT CHỦ TRỌ",2 tuần trước
175714550,132072835,phòng trọ mới xây trống 2 phòng,2200000,"2,2 triệu/tháng",60,,,"16.0019983,108.2199588","Dự án: 
Thông tin chi tiết: phòng mới xây đầu tháng có thể vô ở luôn",3 tuần trước
175674869,132039048,"Phòng ở, nhận khách nước ngoài ở Ngũ Hành Sơn",7000000,7 triệu/tháng,30,,,"15.982958,108.2334189","📍Đường Hói Kiểng - Hoà Quý
Nhận khách nước ngoài
Nội thất cao cấp
Liên hệ sdt",3 tuần trước
175704062,132063884,[ĐÀ NẴNG] SLOT Ở GHÉP NAM GENZ - PHÒNG RỘNG TỐI GIẢN CHỈ 1TR5 🌟,1500000,"1,5 triệu/tháng",300,,,"16.0191483,108.1953794","Mình làm thiết kế đi làm vắng nhà suốt nên cần pass 1 slot ở ghép. Vibe nhà toàn anh em Gen Z thân thiện và có nuôi một bé mèo nhỏ!

💸 Chi phí: 1.500.000đ/tháng (cọc 1 tháng). Giờ giấc tự do 100%, tự quản chìa khóa riêng.

🌿 Không gian phòng: Rộng thênh thang (4.3m x 3.4m), có tận 6 cửa sổ đón nắng gió cực thoáng. Mình chuộng lối sống tối giản nên đồ đạc cực ít, bao la không gian trống cho bạn tự do decor theo gu.

🏠 Tiện ích bao la: Đường ngõ ô tô sát trung tâm. Có sẵn sân để xe rộng, phòng khách, bếp, 2 WC và khu giặt phơi. Đặc biệt có góc cafe sân thượng siêu chill và không gian thờ thanh tịnh.

🙌 Tiêu chí: Chỉ cần bạn nam sống tử tế, có ý thức giữ vệ sinh chung và tôn trọng sự riêng tư.

Hợp gu thì inbox mình chốt đơn qua xem phòng thực tế ngay nhé!",3 tuần trước
175506245,131894211,"CHO THUÊ MINIHOUSE CHỈ 5.5TR – Q.THANH KHÊ, GẦN BẾN XE ĐÀ NẴNG.",5500000,"5,5 triệu/tháng",25,,,"16.0487665,108.1858582","💰Giá 5TR5
📍 Địa chỉ: Đàm Văn Lễ, Phường An Khê, Quận Thanh Khê, Thành phố Đà Nẵng.
✨ Vị trí thuận tiện:
💥 Gần bến xe Đà Nẵng
💥 Gần ĐH Sư Phạm, ĐH Duy Tân.

✔ Sẵn Kệ bếp, máy lạnh, giường, nệm, tủ đồ.
✔ Phòng sạch sẽ, thoáng mát, rộng rãi có cửa sổ
✔ Giờ giấc tự do – không chung chủ
✔ Có thang máy di chuyển
🚗 Có chỗ để xe

📩 Inbox hoặc gọi: SĐT/Zalo Nhung.
",3 tuần trước
175682288,132046100,Phòng trọ trung tâm thành phố,2400000,"2,4 triệu/tháng",20,,,"16.0703926,108.2060015","Dự án: 
Thông tin chi tiết: Phòng trọ đầy đủ tiện nghi, trung tâm thành phố, gần ga tàu, các trường đại học, siêu thị..,Khu vực an ninh tốt, giờ giấc tự do.",3 tuần trước
175675310,132039301,Cho thuê phòng trọ,2220000,"2,22 triệu/tháng",20,,,"16.08689,108.1442807","🏠 Thông tin phòng:

Diện tích 14m²
Có gác lửng rộng rãi
WC khép kín
Có sẵn điều hòa, bình nóng lạnh
Khu vực an ninh tốt, yên tĩnh
Không ngập lụt, ở rất yên tâm

📍 Vị trí cực thuận tiện:
Cách Đại học Bách khoa Đà Nẵng chỉ 150m
Cách Trường Cao đẳng Kinh tế Kế hoạch chỉ 50m
Gần trường, gần chợ, thuận tiện đi lại và sinh hoạt
💰 Giá thuê: 2.200.000đ/tháng
⚡ Điện: 3.800đ/số
💧 Nước: 7.000đ/m³
🔐 Cọc: 1 tháng
📞 Liên hệ: ***
Ai có nhu cầu thuê vui lòng liên hệ trực tiếp để xem phòng.
Ưu tiên người ở sạch sẽ, gọn gàng, lâu dài.",3 tuần trước
175673932,132038009,CHO THUÊ PHÒNG TRỌ GIÁ RẺ,800000,800000 đ/tháng,15,,,"16.1157032,108.1260304","CHO THUÊ PHÒNG TRỌ GIÁ RẺ 
- Vị trí thuận lợi gần khu công nghiệp Hòa Khánh + Trường Đại Học Bách Khoa
_ Khu trọ yên tỉnh ,an ninh sạch sẻ,phù hợp cho gia đình 
_Giá thuê 800k/tháng 
Vui lòng liên hệ số điện thoại chủ nhà 
 Cô Linh ( SDT : ***)
",3 tuần trước
175664117,132029415,"Cho thuê phòng trọ,  Toilet riêng,  k chung chủ",1500000,"1,5 triệu/tháng",30,,,"16.0613352,108.211804","Gần bệnh viện,  chợ cồn,  siêu thị,  cầu rồng,  Toilet riêng, có máy giặt, k chung chủ, 1 phòng 1tr5 và còn 1 phòng 2tr2 to đủ ở gia đình
sđt: ***7 hoặc zalo: ***
xin hãy nhắn tin trên web chợ tốt này cho mình tại số điện thọai của mình đã bị mất",3 tuần trước
175639706,132010841,Cho thuê phòng trọ gần FPT kiệt 24 Trần Hưng Đạo làng dại học,2500000,"2,5 triệu/tháng",20,,,"15.9756771,108.2546369","Cho thuê phòng trọ 20m2 Kiệt 24 trần hưng đạo điện ngọc gần làng đại học , khu FPT ",3 tuần trước
175640322,132009270,cần nữ ghép,1000000,1 triệu/tháng,22,Quận Sơn Trà,Phường An Hải Đông,"16.0641384,108.2362691","Dự án: 
Thông tin chi tiết: K cọc, k tủ lạnh, đã bao trọn điện nước. Nữ ghepa ở trên gác, rộng rãi thoáng mát, cửa sổ to",3 tuần trước
175638397,132007675,"Cho thuê phòng trọ có máy lạnh , tủ lạnh giá hợp lý.",3200000,"3,2 triệu/tháng",25,Quận Cẩm Lệ,Phường Hòa Xuân,"15.9964172,108.213334","Dự án: 
Thông tin chi tiết: Phòng trọ có máy lạnh, tủ lạnh và máy nóng lạnh cho thuê. Gần trường học, chợ.",3 tuần trước
175534302,131918553,PHÒNG CHO THUÊ ĐƯỜNG THANH VINH 10 – LIÊN CHIỂU ĐÀ NẴNG,3300000,"3,3 triệu/tháng",20,Quận Liên Chiểu,Phường Hòa Khánh Bắc,"16.0753467,108.1269157","💰 3.300.000/tháng
✨ Trang bị máy lạnh, kệ bếp, bồn rửa, nệm, tủ quần áo.
✨ Phỏng sạch sẽ thoáng mát, giờ giấc tự do, không chung chủ.
📍 Gần KCN, chợ Hòa Khánh.

• 📅 Phòng trống sẵn. khóa cổng an toàn.
 Liên hệ xem phòng: SĐT/zalo Nhung ",3 tuần trước
175470521,131863476,Cho thuê phòng trọ đường 390/4 Hoàng Diệu,2700000,"2,7 triệu/tháng",40,Quận Hải Châu,Phường Bình Thuận,"16.0562861,108.217152","Cho thuê phòng trọ tại 390/4 Hoàng Diệu, Đà Nẵng. 
Diện tích phòng 40m2. Ngăn làm 2 phòng. Có wc riêng, kệ bếp, chỗ để xe riêng (để được tối đa 2 xe). Lối đi riêng biệt ko chung với ai, phòng có ban công, giờ giấc tự do. Điện 3500đ/1 chữ, nước 8000đ/1 chữ. 
- Có thể ở tối đa 4 người. 
- Đóng tiền 3 tháng 1 lần. Cọc 1 tháng 2.700.000đ
- Liên hệ: 
",3 tuần trước
175561414,131941775,"Phòng gác lửng full nội thất, sát trường Đại học bách khoa",8000000,8 triệu/tháng,30,Quận Liên Chiểu,Phường Hòa Khánh Bắc,"16.08689,108.1442807","Dự án: 
Thông tin chi tiết: Phòng gác lửng full nội thất
Gần trường đại học bách khoa đà nẵng
Có nhiều hàng quán ăn chỉ vài bước chân
Cách biển Nguyễn Chánh 1,5 km
Chợ Hoà Khánh 500m
MM mart, siêu thị Mega 1,3 km

Điện 4,000/ 1 chữ
Nước 50,000 1 người/ tháng
Wifi, máy giặt, nước uống RO phí dọn dẹp phòng: 300,000/1 tháng/1 người",4 tuần trước
175493677,131883400,KHAI TRƯƠNG CĂN HỘ STUDIO FPT NEW KENG GIẶT SẤY,3600000,"3,6 triệu/tháng",35,Quận Ngũ Hành Sơn,Phường Hoà Hải,"15.9791769,108.2531914","KHAI TRƯƠNG CĂN HỘ STUDIO FPT NEW KENG GIẶT SẤY
- Đầy đủ nội thất
- Thoáng mát, sạch sẽ
- Giặt sấy chung
- Có ban công ",4 tuần trước
175521532,131907475,Cho thuê trọ ngã ba huế sát chợ 40m2,3000000,3 triệu/tháng,40,Quận Liên Chiểu,Phường Hòa Minh,"16.0595938,108.1694443","Cho thuê trọ ngã ba huế sát chợ 40m2, 3tr 1 tháng điện nước tự do.  Phòng rộng 40m2 có 1 phòng riêng, bếp, nhà vệ sinh riêng  Zalo ***",4 tuần trước
175518229,131904716,"tim nam ( sv càng tốt , ) ơ ghép trong nhà nguyên căn",1600000,"1,6 triệu/tháng",10,Quận Liên Chiểu,Phường Hòa Minh,"16.0745931,108.1706485","Dự án: 
Thông tin chi tiết: tim nam ( sv càng tốt ) o ghé trong nhà nguyên căn , phòng riêng",4 tuần trước
175475374,131867690,cho thuê phòng trọ,5000000,5 triệu/tháng,40,Quận Ngũ Hành Sơn,Phường Hoà Hải,"15.986558,108.2674092","Phòng mới xây, trang bị nội thất cao cấp hiện đại, khu vực văn minh, an ninh tốt, vị trí trường đại học lớn, đại học công nghệ thông tin, đại học FPT, khu đô thị Đại học đà Nẵng, ưu tiên thuê lâu dài, tháng đầu tiên vào ở giảm 50%, tháng thứ 2 chở lên 5 triệu (bạn gọi để quảng cáo thì đừng gọi tôi vì tôi làm quảng cáo, xin cảm ơn)",4 tuần trước
175448185,131846780,CHO THUÊ PHÒNG TRỌ ĐC: 41/8/14 Đặng Thùy Trâm-Đà Nẵng,2000000,2 triệu/tháng,20,Quận Hải Châu,Phường Hòa Thuận Tây,"16.0526414,108.2093775","CHO THUÊ PHÒNG TRỌ
Phòng ở thoáng mát, điện nước trả theo chỉ số đồng hồ. Nhà vệ sinh, chỗ nấu ăn riêng. ĐC: 41/8/14 Đặng Thùy Trâm-Đà Nẵng 
(Gần Đại học Duy Tân, bệnh viện gia đình).
",4 tuần trước
175446639,131842881,Cho Thuê Nhà trọ Ngay ĐH Kiến Trúc - Đông Á - Chợ Đầu Mối ,3200000,"3,2 triệu/tháng",30,Quận Hải Châu,Phường Hòa Cường Nam,"16.0396564,108.2219143",Cho Thuê Nhà trọ Ngay ĐH Kiến Trúc - Đông Á - Chợ Đầu Mối ( Không chung chủ ),4 tuần trước
175427034,131826091,"Phòng trọ ngay trung tâm, an ninh, rộng rãi đầy đủ tiện nghi",4000000,4 triệu/tháng,25,Quận Hải Châu,Phường Hòa Cường Bắc,"16.0384855,108.2186172","Dự án: 
Thông tin chi tiết: Phòng trọ ngay trung tâm, an ninh, rộng rãi đầy đủ tiện nghi: 
- Phòng trọ rộng rãi, thoáng mát, đầy đủ tiện nghi.
- Đường 5,5 với camera giám sát 24/7
- Hệ thống PCCC đảm bảo an toàn.
- Nhà xe rộng rãi, wifi miễn phí và nhiều tiện ích…
Chi tiết liên hệ Võ Đăng sđt: ***",1 tháng trước
175414783,131815483,PHÒNG TRỌ FULL NỘI THẤT TẦNG 2 ĐƯỜNG 12 BÌNH HOÀ 1,2600000,"2,6 triệu/tháng",25,Quận Cẩm Lệ,Phường Khuê Trung,"16.0254453,108.2138159","Cho thuê phòng trọ tầng 2 có nội thất đường Bình Hoà 1, Khuê Trung , Cẩm Lệ, ĐN 🌈

Vị trí gần trường DH Đông Á, Kiến Trúc, Chợ Đầu Mối, Công Viên Thanh Niên  
- Diện tích: 20m2 
- nội thất: máy giặt riêng, giường, điều hoà, nước nóng, quạt trần, bồn tắm, tủ lạnh … cơ bản đầy đủ 
- Có chỗ để xe rộng rãi, giờ giấc tự do 
- Phù hợp người đi làm tối về ngủ 
- Giá cho thuê: 2.6 tr/ tháng.
- Chỉ Phù hợp cho nam ở 1 mình, (ở 2 nam nam, hoặc nam nữ), làm việc tại nhà hoặc đi làm tối về ngủ,…. 
- Phòng đang sẵn có thể vào ở ngay",1 tháng trước
175404952,131807032,phòng trọ mới xây sau lưng fpt plaza,3500000,"3,5 triệu/tháng",20,Quận Ngũ Hành Sơn,Phường Hoà Hải,"15.9852958,108.2602172","Dự án: 
Thông tin chi tiết: phòng trọ mới xây trống sẵn có thể vào ở liền , ngay sau fpt plaza phù hợp sinh viên dhoc fpt , viet han ,...3,5tr-4tr tuỳ phòng.",1 tháng trước
175399139,131802005,Trọ Dũng Sỹ Thanh Khê,3000000,3 triệu/tháng,35,Quận Thanh Khê,Phường Xuân Hà,"16.0705977,108.1947536","mình còn phòng cho thuê ở trên lầu 1, diện tích hơn 30m2,ở được 2 đến 3 người

📍 Vị trí:dũng sỹ thanh khê gần,trường thái phiên,đại học thể dục thể tao
🏠 Phòng sạch sẽ, thoáng mát,có ban công nấu ăn,nhà wc riêng,điều hòa,máy giặt
🔒 Khu vực an ninh tốt, có camera giám sát
🚿 Có nhà vệ sinh riêng, điện nước đầy đủ
🌐 Có wifi free
💰 Giá thuê: 3tr ưu tiên ở lau năm
📞 ***",1 tháng trước
175361720,131769853,"Trọ làng đại học đà nẵng ngay VKU , FPT , y dược",1800000,"1,8 triệu/tháng",14,Quận Ngũ Hành Sơn,Phường Hoà Hải,"15.986558,108.2674092","Trọ làng đại học đà nẵng ngay VKU , FPT , y dược
Đầu tháng 5 dọn vào ạ
Nhà xe rộng rãi",1 tháng trước
175361717,131769852,Cho thuê phòng trọ gần đh Duy tân,3500000,"3,5 triệu/tháng",20,Quận Liên Chiểu,Phường Hòa Khánh Bắc,"16.0770582,108.1369375","🏠 CHO THUÊ CĂN HỘ MỚI XÂY XONG -***(Zalo)

📍 Địa chỉ: Nhà Trọ Lan Hương, 81b Đào Sư Tích, Liên Chiểu, Đà Nẵng
Khu vực Hoà Khánh,gần bến xe,kế bên đường Nguyễn Huy Tưởng,sau DH Duy Tân 5p tới trường

✨ Căn hộ xây mới 100%, sạch sẽ – an ninh – yên tĩnh.

 💰Giá thuê: 3tr5 /tháng

🔹 Chủ nhà có thêm phòng dành  cho lựa chọn cho khách du lịch và khách cần thuê phòng theo ngày giá 250k/ 1 ngày đêm,có kèm cả thuê xe máy

🔹 Thông tin phòng: 20 m²

 • Phòng thoáng mát, có cửa sổ, điều hoà, nóng lạnh, máy giặt, tủ quần áo,bếp,sân phơi quần áo.

🔹 Tiện ích:

 • Thang máy,Wifi tốc độ cao free,giờ giấc tự do không chung chủ

 • Sân phơi, chỗ để xe T1 rộng rãi, an ninh

 • Camera, khoá vân tay

📱 SĐT/Zalo: ***",1 tháng trước
171858637,128762155,Cho Thuê Phòng Trọ Cao cấp!,2200000,"2,2 triệu/tháng",25,Quận Cẩm Lệ,Phường Hòa Phát,"16.0172753,108.19334","Cho thuê phòng trọ nội thất cơ bản: 
- Có gác lửng, bàn bếp, toilet riêng, nhà xe rộng
- Khoá cửa vân tay, trang bị PCCC đúng theo YC của cơ quan chức năng
-  Giờ giấc tự do, ở tiêu chuẩn 2 người, 3 người thì thêm 300k.
- Giá điện 3850d/Kwh, nước 30k/người/tháng
- Wifi miễn phí
- Cọc chỉ 500k, đóng tiền đầu tháng.
LHCC: Dũng ***",1 tháng trước
175359086,131767657,Cho thuê phòng,2700000,"2,7 triệu/tháng",25,Quận Cẩm Lệ,Phường Hòa An,"16.0422594,108.1833625","Dự án: 
Thông tin chi tiết: E có việc cần về quê  gấp nên  pass phòng trọ ở 428/45/7 tôn đản 2tr7 ạ",1 tháng trước
175270138,131691002,Cần cho thuê nhà 3 tầng 4 phòng ngủ,15000000,15 triệu/tháng,100,Quận Ngũ Hành Sơn,Phường Hoà Quý,"15.9871345,108.2376446","Dự án: 
Thông tin chi tiết: **CHO THUÊ NHÀ NGUYÊN CĂN GẦN PHƯỜNG HÒA QUÝ**

* Nhà 3 tầng, thiết kế hiện đại
* Gồm 4 phòng ngủ rộng rãi
* Khu vực yên tĩnh, thuận tiện đi lại

💰 Giá thuê: 15 triệu/tháng
📌 Hình thức: Cọc 1 tháng, thanh toán 3 tháng/lần

Phù hợp cho gia đình hoặc nhóm ở lâu dài.",1 tháng trước
175253521,131676668,Phòng trọ mới xây gác lửng Hoà Phước ( Hoà Xuân Mới),2300000,"2,3 triệu/tháng",20,Huyện Hòa Vang,Xã Hòa Phước,"15.9800896,108.2081551","💥💥  Phòng Mới Xây ở Hoà Xuân ( Hoà Phước Cũ)  giữa Cầu Quá Giáng và cầu Tứ Câu, gần bến xe Đức Long, sát cafe Ao Cá quốc lộ 1A, sát trường mẫu giáo, cấp 1, cấp 2

💰 Giá : 2.300.000 /tháng. Cọc 1 tháng. Diện tích sử dụng 20m2

✨ Tiện ích đầy đủ – giữa T4 nhận phòng.

✔️ Khu đậu xe, camera an ninh 24/7
✔️ Giờ giấc tự do, wifi tốc độ cao
✔️ Máy giặt chung

🏠 Tiện nghi phòng : Máy ĐIỀU HOÀ, Máy NÓNG LẠNH, Tủ quần áo, Bàn ghế, Kệ bếp
✨ Điện : 3,8k/ chữ, Nước : 80k/người.
✨ Không nhận xe điện, không nhận PET
✨ Thông thoáng, Phù hợp ở lâu dài – an ninh, riêng tư, tiện nghi

📞 Liên hệ: *** (ZL) để tư vấn.",1 tháng trước
175057559,131512564,Căn hộ trung tâm Đà Nẵng,8000000,8 triệu/tháng,60,Quận Hải Châu,Phường Hòa Cường Bắc,"16.0423876,108.22223","Căn hộ trung tâm thành phố, full nội thất, khu vực an ninh, gần trường học, chợ, công an phường. Phù hợp ở kết hợp kinh doanh.
Đường 7,5m dân cư đông đúc.",1 tháng trước
175125531,131567318,Phòng trọ giá rẻ,2900000,"2,9 triệu/tháng",35,Quận Hải Châu,Phường Thuận Phước,"16.0861896,108.2164521","Dự án: 
Thông tin chi tiết: Dự án: 
Thông tin chi tiết: Bài viết cho thuê phòng cho thuê phòng sạch sẽ, lịch sự,khu an ninh ! đầy đủ máy lạnh, nước nóng lạnh, WC trong phòng, wifi máy giặt,tủ lạnh .....mặt tiền đường nhỏ thông thoáng trước, sau .Cửa sổ nhìn xuống đường, tiện ích quanh đủ cả : chợ, BV , gần Vũ Trường Phương Đông...( 2C Hàn Mặc Tử)
Đặc biệt : Từ cửa sổ ngắm Lễ Hội bắn PHÁO HOA cách 300M rõ hơn ngồi khán đài 😊 ! 

Tel : ***( zalo)
Giá phòng 2t900
Cần cho thuê phòng đang trống !",1 tháng trước
175099372,131544669,nhà cấp 4 150m2 Lưu Quang Vũ,2800000,"2,8 triệu/tháng",150,Quận Ngũ Hành Sơn,Phường Hoà Quý,"15.9703367,108.2293922","Dự án: 
Thông tin chi tiết: Nhà cấp 4, hiên trước, sân sau phơi áo quần",1 tháng trước
175017242,131476758,🏡 Studio gác lửng – Mỹ An 4 – gần biển,5500000,"5,5 triệu/tháng",30,Quận Ngũ Hành Sơn,Phường Mỹ An,"16.0476897,108.2466488","✨ Thiết kế studio + gác lửng rộng
✨ Cửa sổ lớn – phòng cực sáng, thoáng mát
✨ Có sẵn bếp + nội thất cơ bản
✨ Không gian rộng, phù hợp ở 1–2 người
📍 Địa chỉ: Mỹ An 4 (gần biển, khu Tây)
💰 Giá từ: 4tr5-  5tr5/tháng
📅 Xem phòng từ 01/04
👉 Phù hợp: sinh viên, người đi làm, khách ở lâu dài

📩 *** để xem phòng",2 tháng trước
175017152,131476690,cho thuê nhà trọ ở khuê trung,4000000,4 triệu/tháng,45,Quận Cẩm Lệ,Phường Khuê Trung,"16.0142523,108.2074841",cho thuê phòng trọ 3 phòng 2phong ngủ 1 phòng ăn,2 tháng trước
175003125,131465197,tìm người ở ghép,1500000,"1,5 triệu/tháng",50,Quận Cẩm Lệ,Phường Hòa Phát,"16.020348,108.1951006","Dự án: 
Thông tin chi tiết: Đã có 2 người ở. Càn tìn người ở ghép chỉ tối về ngủ ở nghiêm túc gọn gàng",2 tháng trước
174994803,131458200,cần cho thuê nhà mặt tiền,12000000,12 triệu/tháng,130,Quận Cẩm Lệ,Phường Hòa An,"16.0482589,108.1754804","cần cho thuê nhà mặt tiền đường đinh thị vân nối dài, đường mới mở , đường 15m, 2 lề 12m, nhà rộng 130m2 3 tầng 5 phòng , nhà gần kcn cẩm lệ, kcn hòa khánh rất thích hợp thuê để đi làm hoặc kinh doanh cũng dc... nhà thông thoáng gần điện máy xanh và thế giới di động...  nhà thông ra tôn đản và trường chinh nên rất thuận tiện ...",2 tháng trước
174978516,131444324,Cho Thuê Căn Hộ,4800000,"4,8 triệu/tháng",25,Quận Liên Chiểu,Phường Hòa Minh,"16.0701312,108.1612484","Dự án: 
Thông tin chi tiết: 🏡CHO THUÊ CĂN HỘ STUDIO MỚI 100% - ĐƯỜNG HOÀ PHÚ 26 - HOÀ KHÁNH

📍Địa chỉ: Đường Hoà Phú 26 - P. Hoà Khánh

✨Căn hộ studio mới, đầy đủ nội thất

✅Có chăn ga gối

🌿Tất cả các phòng đều có ban công",2 tháng trước
174946084,131416495,Cho thuê căn hộ dịch vụ Nại Hiên Đông,6000000,6 triệu/tháng,30,Quận Sơn Trà,Phường Nại Hiên Đông,"16.09383,108.2268992","𝑪𝒉𝒐 𝒕𝒉𝒖𝒆̂ 𝒄𝒂̆𝒏 𝒉𝒐̣̂ 𝒅𝒊̣𝒄𝒉 𝒗𝒖̣ đ𝒊̣𝒂 𝒄𝒉𝒊̉ 36 𝑵𝒂̣𝒊 𝑯𝒊𝒆̂𝒏 Đ𝒐̂𝒏𝒈 11, 𝒑𝒉𝒖̛𝒐̛̀𝒏𝒈 𝑵𝒂̣𝒊 𝑯𝒊𝒆̂𝒏 Đ𝒐̂𝒏𝒈, 𝒒𝒖𝒂̣̂𝒏 𝑺𝒐̛𝒏 𝑻𝒓𝒂̀ 
- Hiện còn phòng 30m2, gồm 2 phòng ngủ, có gác lửng, mới xây xong nên rất mới và sạch sẽ
- Mỗi phòng đều có bếp từ, thang máy, điều hoà, giường tủ…. có thể bổ sung nội thất thêm theo yêu cầu 
- Vị trí gần chung cư Bluehouse, khu du lịch biển Đà Nẵng, dân trí cao, gần nhiều tiện ích, thuận tiện đi lại và sinh hoạt…
- Giá thuê  6 triệu / tháng 
- Thanh toán linh hoạt, điện 4 k, nước 70k/ 1 người
- Liên hệ chính chủ",2 tháng trước
174897303,131375146,tìm nam ở ghép thái thị bôi,1500000,"1,5 triệu/tháng",15,Quận Thanh Khê,Phường Chính Gián,"16.0683874,108.1965395","Dự án: 
Thông tin chi tiết: Tìm nam ở ghép Thái Thị Bôi
Phòng 1t5/ người ở 2
Điện 4k. Nước, wf 100k
Zl ***",2 tháng trước
174346757,130906050,🏠 Phòng trọ gác lửng khu vực Hải Châu 🏠,4000000,4 triệu/tháng,33,Quận Hải Châu,Phường Hòa Cường Bắc,"16.0367186,108.2233307","- Vị trí: Số 16, đường Lưu Quý Kỳ, phường Hoà Cường Bắc, quận Hải Châu.
- Ngay trung tâm thành phố, khu vực đối diện Công viên Châu Á. Gần chợ đêm Helio, siêu thị Lotte, đường lớn Phan Đăng Lưu và đường 2 tháng 9.
- Diện tích 33m2, có gác lửng, sạch sẽ, có cửa sổ thoáng mát.
- Nhà riêng, không dính nhà chủ, không chung đụng. Đồng hồ điện nước riêng. 
- Nhà mặt tiền đường nhựa 5m5, vỉa hè rộng. Ô tô ra vào, đậu đỗ thoải mái. Khu vực an ninh tốt, vệ sinh sạch sẽ. 
- Phòng trống, sẵn tủ, và kệ bếp. Có điều hoà.
❌ Thuê lâu dài giá tốt!!

☎️ Liên hệ sđt/zalo cô Bích để tư vấn và xem phòng ạ.",2 tháng trước
174862049,131344876,cho thuê  nhà 40 m,1800000,"1,8 triệu/tháng",40,Quận Cẩm Lệ,Phường Hòa Xuân,"16.0019983,108.2199588","Dự án: 
Thông tin chi tiết: Cho thuê phòng trọ 40m, có phòng ngủ, phòng khách, gác lửng . Gần chợ hoà xuân.",2 tháng trước
174850993,131335281,Cho Thuê Phòng ở Mặt Tiền Đường,1500000,"1,5 triệu/tháng",25000,Quận Liên Chiểu,Phường Hòa Khánh Nam,"16.0534112,108.1487964","Cho thuê phòng ở trong nhà ở đường Mặt Tiền 96 Mẹ Suốt. 
- Gần chợ, gần trường Đại Học Sư Phạm
- Hiện tại còn trống một phòng 
- Giờ giấc tự do
- Điện nước 150k/ tháng
- Có nhà bếp và WC dùng chung
( Chỉ cho Nữ ở )",2 tháng trước
174835921,131322499,"Cho thuê phòng chỉ cho nữ ở gần Đại học FPT, Việt-Hàn, Kinh tế",1500000,"1,5 triệu/tháng",25,Quận Ngũ Hành Sơn,Phường Hoà Hải,"15.990404,108.2670428","Dự án: 
Thông tin chi tiết: Có phòng 1tr5 và 2tr
Cho nữ thuê, chung chủ (chủ là nữ không hay ở nhà)",2 tháng trước
174776516,131275142,"Cho thuê phòng trọ 20m2, đường Hói Kiểng 12, quận Ngũ Hành Sơn",2400000,"2,4 triệu/tháng",20,Quận Ngũ Hành Sơn,Phường Hoà Quý,"16.0083936,108.2401725","Cho thuê phòng trọ sạch đẹp, tiện ích, diện tích sử dụng 20m2, đường Hói Kiểng 12, thuộc khu đô thị sinh thái Nam Hòa Xuân, phường Hòa Quý, quận Ngũ Hành Sơn, là khu đô thị dân trí cao, an ninh tốt, môi trường sạch đẹp, hệ thống giao thông rộng thoáng, cách đường Minh Mạng khoảng 100m. Cách trung tâm hành chính quận Ngũ Hành Sơn 1km, cách biển 1,5km. Rất thuận lợi sinh sống, làm việc và học tập .",2 tháng trước
174819113,131308870,Cho thuê căn hộ giá tốt,4000000,4 triệu/tháng,20,Quận Ngũ Hành Sơn,Phường Hoà Hải,"15.986558,108.2674092","🗣️ Chính chủ cần cho thuê căn hộ mới xây:
🏠 vị trí: Đại học FPT, Đại học Y Dược Phan Châu, Đại học Việt Hàn, Cao đẳng Du Lịch.
-Điều hoà, tủ lạnh,bếp điện,wifi,nóng lạnh, máy giặt riêng, thang máy, tủ quần áo, bàn ghế( 🆕 100%).
-Có ban công thoáng mát có view công viên, diện tích 20m2, có chỗ để xe oto xe máy.
-Camera an ninh, có đầy đủ giấy phép cho người nước ngoài( gpkd,pccc)
-Giờ giấc tư do thoải mái
🍀 thanh toán hàng tháng.
Giá chỉ từ 3trxx
Lh: ***(zalo).",2 tháng trước
174817584,131307671,"Cho thuê trọ giá rẻ 1,5tr/tháng dt25m2 có gác đúc, kiệt ô tô,",1500000,"1,5 triệu/tháng",25,Quận Cẩm Lệ,Phường Hòa Thọ Tây,"16.0086987,108.1754804","Cho thuê phòng trọ giá rẻ: 1,5trđ/ tháng, diện tích 25m2 có gác đúc, kiệt ô tô đường số 10 KCN Hòa Cầm, Phường Hòa Thọ Tây, Quận Cẩm lệ, TP Đà Nẵng (Phường Cẩm Lệ, TP Đà Nẵng mới)",2 tháng trước
174201727,130783616,phòng trọ cao cấp,2500000,"2,5 triệu/tháng",25,Quận Cẩm Lệ,Phường Hòa Xuân,"15.9924062,108.2109974","Phòng trọ cao cấp diện tích 25 m2, wc sạch đẹp, có tủ bếp, nóng lạnh, điều hoà....wifi trong phòng miễn phí, camera an ninh toàn nhà..., khu để xe riêng biệt, thời gian tự do.
Phòng  lầu 3",2 tháng trước
